uniqueIdentifier,manufacturerId,model,purchasePrice,rentPrice,image,maxSpeed
c0303208-ac7f-4ac1-9c60-7fb679e00f8d,7,Yukon XL 1500,5599.21,69.77,,91
2915b632-ac22-441d-a0a7-a8a3fd6ab1bc,10,Karif,4157.62,33.34,,44
4b887975-b043-45fe-9f28-f9f98949f8a4,3,Mariner,8697.27,43.6,,63
9a1ccb31-59c6-45a3-b3db-35c2da16b999,14,330,4162.44,97.29,,89
149ea8bf-f632-492f-9a26-8f3db3444863,6,Altima,6002.12,60.58,,53
32d63cf3-3264-491f-871d-b2527ca11139,14,MKS,3259.0,56.87,,37
11c7e94c-c687-4d6a-8dae-6b60a4ca8929,8,LR4,9075.05,32.93,,32
a259cb58-6028-4299-bc80-823c16c03781,12,MDX,7646.01,46.88,,94
600f9f85-3dff-48a9-96af-16b1b3fda581,9,Envoy,2830.13,23.26,,95
3c1b36a0-51fa-4186-8736-495ae32da75f,2,Sentra,6876.87,18.62,,59
d507b2b6-a546-49f4-9527-b1614f4ea4b6,10,Taurus,1405.15,40.95,,61
9ad39135-e116-43ff-80fc-18551f48e6d7,11,Carens,2679.32,89.47,,98
623e0e87-177a-4e92-b5c8-853effaf1074,1,Silhouette,4401.76,10.94,,43
f371ab0b-c673-4915-a6f3-aed863390731,2,Ridgeline,5361.15,99.94,,100
bc55ebcb-5960-4970-ba16-2876d11440f0,5,Celica,2447.75,19.86,,12
d61ee718-7fa9-4226-af0d-852667a00a9d,11,Previa,9674.16,23.44,,61
ad604f41-9a7e-474b-9177-5f15f53d2f99,14,Regal,5621.68,5.6,,43
85a829a2-cfb0-44be-a648-fe3cdeb111e8,7,TT,4297.26,79.36,,69
ec1a6b1c-9da9-4253-ac79-d9ef05f43c40,11,SX4,3959.88,19.79,,88
47e82761-fc8c-412f-8322-bf72f6e140e5,13,CLS-Class,3638.96,93.16,,33
38931571-1b69-4084-91de-a447d7db15b3,13,Special,7858.23,47.21,,66
282da292-7c1c-4789-b2bb-e7bb2c9c957b,9,B-Series,3538.05,27.26,,26
ed739c19-db2e-4996-9ee3-5561974570fb,13,Highlander,5474.9,98.64,,8
a0f4911c-fa9c-46fe-b299-48595837f66d,10,CX-9,9776.12,30.1,,100
9099464d-48c4-44cf-acf2-c1572921ef92,3,R8,2207.45,80.9,,77
dcce8ed8-3c6e-4085-90c0-7542bb2174b3,7,Ram 2500,8259.88,12.75,,85
1ccfdbc0-9e7d-41f7-96ad-6776aedf8ef6,6,350Z,4382.98,5.33,,65
3142b509-a5e4-4d6b-8e06-561cc04a169e,5,Grand Cherokee,8472.56,64.95,,4
1fe7ff28-a1c0-46f6-8440-30e3d5af8fb9,13,Century,6634.09,34.21,,9
967c7fbe-f212-49ea-a8f6-c707257eae07,5,S-Class,1133.17,51.8,,13
f4e637aa-1005-47cb-94f4-c70fc13565df,10,Avalanche 2500,2476.69,97.3,,15
f152672c-b285-4e97-ab68-d1497eddb057,2,LeBaron,8115.58,19.88,,91
2bfea8e2-1f18-4d47-8565-e065cafcb66c,6,Pacifica,6144.7,95.64,,25
daa8f031-02c5-4397-94ae-c14586c6b578,1,HED-5,7927.36,68.71,,27
32ab4ad7-544e-4767-8723-cda4d7a56911,4,Tracker,4151.98,26.26,,42
043a1aa7-f753-4112-89f7-b27ef6ab8b43,12,Swift,4753.04,60.07,,67
f96b20b5-573d-4aee-9226-3fc5a7cef83d,5,S2000,6287.1,80.27,,38
2e6a052d-5e7b-4cb5-afa0-0fea813231fb,9,626,1448.66,2.65,,93
d1e47a8d-c386-4d1d-b6fe-4c0e9ab0043b,2,FX,7787.96,24.79,,82
aeac8f33-a622-4125-ba72-710efb8925c4,12,Silverado 3500,8013.39,33.45,,70
275fd697-c8c7-4b9d-8e5e-48739bd2be51,6,Accord Crosstour,3396.12,48.06,,89
cec48bf4-f0c0-4d74-9f3c-0ec6eec7d1ed,7,Altima,3689.74,53.37,,35
1ed3930d-3716-4c7d-80b2-f80cd887303b,13,Savana 1500,8208.77,4.25,,64
77d23921-15a5-4594-8050-d8fdd368b1ba,4,GTO,6714.7,58.12,,73
e741991d-8f39-4f31-9302-aa8985d6322d,1,Prizm,5500.18,76.9,,92
4c50372a-d822-41a1-9fa7-fadfe9b857aa,12,F-Series,8245.02,37.4,,48
4e86a407-8c40-46ed-bfea-a7395043146a,1,APV,2379.12,95.88,,33
32d69b5e-6332-4cc0-b9c2-a17dbcf0ac10,12,Element,8546.24,35.21,,36
3cb06be9-6248-4a22-81bb-4b2e0f82c741,6,Caprice,8123.16,8.56,,60
723ae840-c231-4d76-8e86-f676fa4b0e7c,6,Neon,1992.92,80.44,,74
f78ecdb0-581d-49a2-b74f-9dd53e3d9d82,5,Eclipse,2250.15,97.27,,90
5d9bf19f-28e1-454a-a4f5-a1c60972af9e,7,Yukon Denali,7937.96,68.01,,81
1fc87c1b-27d7-4e90-b5f8-2807a567b44c,14,LX,5201.38,28.72,,58
6bda638f-1743-48f8-bfe3-963b0158858c,9,RX,1769.11,7.75,,50
9d8fe7ee-4790-40f1-acea-630e33a7a881,6,Navigator,8231.08,3.04,,86
c858dd6a-a802-4007-a09c-13f46a75f653,5,Colorado,7035.7,51.51,,5
8e92d619-a96a-4046-ba0b-8677e1a684df,6,Continental GTC,8105.45,51.99,,41
9bd1cbef-ff3a-47fb-9146-2ab68132b28c,7,Lancer Evolution,6532.49,38.25,,84
ffe30f53-c43c-4c42-b44e-aaa97bf2c7bd,6,Spyder,1496.83,42.81,,11
b613dd03-8ffa-4d67-9d77-8547e4b88b9d,12,500SEL,6406.29,88.09,,29
f49d7789-7b15-4839-97c8-a5242b27008c,13,Suburban 1500,5286.04,96.44,,65
f3512777-3bcd-428d-8377-fec4724e06d0,4,Envoy XUV,6208.78,73.17,,82
6163e78e-c5fc-4d6c-ac40-395bc55de3f1,12,Protege,3798.23,11.23,,44
374a2d2b-c119-4131-83fc-972ebedb316e,6,Mirage,7679.3,43.44,,36
7b75cf97-e364-40d5-b990-1469b8101231,13,Electra,7284.1,34.14,,57
583b4a83-e82f-4e05-881f-bf40f1665131,3,Truck,8089.53,68.21,,76
d387ba86-18f4-45f4-a7cc-58e8ba05a468,9,4Runner,2448.47,46.56,,71
92b06462-34a9-402e-9c8f-71ac93b0949b,5,LeSabre,4762.99,53.3,,21
c867281a-025f-4f84-bc65-c16b0f10b901,7,TL,4029.87,63.26,,70
08c4c3aa-d84a-477a-b3b1-7cf2ef875f5b,4,Escalade EXT,4032.1,55.71,,7
92c1a10d-c5e7-4b11-b8ac-eec8732b0899,1,GTO,1214.42,30.57,,79
2bbb9034-4a69-4300-86a4-d982c8a842c2,2,Park Avenue,8122.08,42.57,,70
6dd59890-4355-4a15-a466-ea996bd3020c,9,LX,7301.94,51.91,,100
9a962d6b-0d01-47d6-83b9-d8c96dc9f20a,7,Amigo,6089.73,3.97,,58
c3f19077-41ce-4bb1-8f13-f75e3980ec63,12,Ram 2500,9455.59,57.48,,63
da7d8acd-b1a7-442a-a198-32733fada45c,14,Aero 8,9549.89,35.28,,52
ec89d45e-c562-4961-9b8e-862aa5e11781,14,Ranger,3103.76,50.03,,31
3dc13a37-a550-45bb-a27b-f25a9312c2ea,14,GranTurismo,2917.55,73.5,,13
4b4a9e13-bf37-46e7-9df7-d3f5e0acae36,7,Ram 50,1254.73,76.65,,17
7919788f-8dc8-4a05-a7d2-6eaf725a67da,4,Suburban 2500,4216.04,60.35,,51
a55d2db6-a5c3-4764-8b15-9977bc5ece8c,7,Grand Voyager,1425.59,9.46,,42
3ad85fb3-85b2-4a9c-bbcf-2a639935b04d,10,LeSabre,6788.76,71.94,,100
3b27551e-fcc6-4641-b4aa-5dbe6416554d,12,1 Series,6157.27,26.7,,72
bc351d07-4c25-4073-864a-590a2819b048,9,Avalon,8314.36,8.91,,69
750d8409-8d92-4666-86de-e98c31fa7bce,12,928,8024.55,24.81,,34
ca1e7133-9b62-4e1c-a9b9-fb89e67754c9,1,Explorer,8553.07,48.08,,24
80e6dd76-821d-4c45-b178-b0e9a2d1ec13,10,Maxima,8215.42,14.55,,19
0958076b-599d-43a2-9e5e-86dcc88f0f7d,11,S-Type,5399.39,84.59,,8
6661c70d-316d-481b-bfae-0e254bf74eff,13,Ranger,2344.26,10.7,,77
f28f80ad-85cd-44fe-9439-68f99e87d1de,6,Q,1994.34,26.0,,58
e868c37a-a324-48b9-97a7-f42f98b73b0f,3,370Z,3326.09,22.71,,19
6bc4dbbc-34e4-4a08-93a3-d97159a566e4,5,Dakota,2344.48,87.79,,38
498c4d72-f201-4cc1-a6c8-180e2b27d9c5,14,Sierra 1500,3794.74,15.85,,88
f5ed9d8d-6354-4a46-97e4-8ddac6e0369a,5,Express 1500,3904.33,5.04,,62
ba84f85d-0c01-4822-8d95-e243cdfc4cd1,4,LX,8651.08,41.42,,48
36252060-9245-42ac-a05c-04a54e179375,13,V8 Vantage,3721.59,72.76,,37
44d94698-ff14-43dc-8c3a-63f04f3c906f,7,Escalade EXT,5176.69,44.86,,91
d5a2cefc-2390-4a6b-804f-29525a2355a7,12,Rogue,1068.3,94.5,,51
79a1c6ae-3b96-4794-a5ca-ee29ac2f77e7,13,Econoline E150,7864.13,73.09,,91
1d3384b8-1823-4ac6-8ff5-a3e6cef3989e,8,Town Car,4239.92,24.11,,15
51e6aa28-ea0d-43df-a21a-483506160eb1,3,Camry Hybrid,4295.33,21.5,,31
6d613fde-17dd-4a0d-891a-e6f842eb662e,4,Seville,1126.96,79.71,,44
65525265-03ff-4ff2-88a4-2883fab02c5e,3,Quest,2319.75,24.23,,85
2aa15b7b-ee04-4f05-96d7-aef7dce17be8,8,1500 Club Coupe,8009.2,92.52,,40
e5bf5662-3721-457e-b975-c932be605c45,9,Tempo,2040.65,78.61,,98
d4f9f4c5-2cc4-403f-b2d4-e20669b0e1e6,5,CC,2262.39,52.12,,41
793687d3-7442-4010-b7c6-052103b75197,13,2500,6115.36,30.81,,61
ea226fc6-4336-4a04-a037-7180b5e2481f,14,Express 3500,4006.46,67.1,,41
b1389546-d8e4-470e-b881-744d2fab9239,2,Swift,3368.0,10.28,,51
f3376040-c7bf-4a7a-a0d5-685a4c0a7aa2,13,Wrangler,9287.87,97.86,,4
388e607b-6174-48fd-aaff-9b460d11162c,8,Navigator L,8419.89,42.88,,38
4fc82695-2e14-400d-b875-c3e4321e4f82,7,Bravada,2468.08,64.72,,39
f294604a-16d2-49e9-be9c-d4dae9947cff,3,530,8557.47,36.6,,25
2819964a-6e84-4407-96eb-0f37644f65d0,2,Pathfinder,2570.7,9.11,,44
f4b6acd8-dd88-4484-bc55-394cc04e64de,13,Lanos,8928.82,24.02,,4
3f0b60f4-8d29-4a84-aed3-03b316c8b0db,3,Baja,8708.51,71.16,,9
103e5de1-8a77-4d6c-96bc-f57fc6874813,9,300SE,8596.77,86.19,,61
70a0b69a-67d1-4437-ac48-be37c0188ddd,1,Eos,2944.29,55.39,,80
aac6c584-b77d-4f1b-83a8-248bcedbcfc8,1,Metro,8524.95,9.15,,40
cc9e535b-e3f2-470a-9c3d-3f23d1b8f8f4,7,Mazda5,1469.12,22.06,,79
0908fa6d-27f4-4788-9929-77e6111f645b,12,S4,1896.94,12.91,,41
883562c5-9a9b-4bc5-9479-8b7edf66c954,14,57,5003.22,86.24,,40
8159230a-46da-4914-a88e-639901e293d4,14,Tundra,4189.01,28.04,,58
2fe5aa36-05da-4fa3-9ce6-39fa355eda12,3,Avenger,2338.13,91.24,,81
cc60b8bc-671f-45f6-971b-d7c60bb91581,5,3500,9706.07,61.29,,99
0a6ec7e7-43a9-4d58-aabb-d0629a3e0253,7,Escalade,1216.85,43.52,,33
76440395-b6e3-4caf-b109-3446dc96fa8f,4,Topaz,3376.36,41.63,,16
0c62b31a-24e5-4332-a585-cd2eadf2de6d,6,Grand Caravan,8726.25,74.64,,66
fd7d02cd-6fbf-4a95-9eca-6ee87bac4ef8,3,Pathfinder,2428.06,59.94,,78
b655fae5-28f2-45b7-a003-1c3fcf9058d7,8,X6,4549.59,93.02,,35
62f77a5a-6c11-4bf8-bcf6-ecb263c4a7a5,4,GTO,5386.57,82.9,,10
13817bcf-6b0f-4b01-8560-ab5c2a049f96,12,F-Series,7363.16,18.97,,16
bac1f186-bb3b-41db-9b09-46e4ac39eb3b,14,Storm,2498.34,57.16,,84
3e7b0447-a9a4-4c9d-8269-000262cca2cf,4,Montana,2449.06,44.99,,19
8e69b4a4-d58a-4265-b7de-f11497f55d2c,1,Genesis,4731.51,95.4,,48
c230493f-62b4-4a2b-b37c-d0d8bf67f532,3,1500 Club Coupe,6072.59,71.34,,84
d5bda049-62ec-4b1c-82e6-47c3b7e6ba6b,13,Caravan,8688.73,21.86,,80
0fdc4eb8-7306-48c5-bbe6-54f2fa9f4505,12,Q7,1845.39,22.71,,2
4deeef86-bc11-4188-959e-4e868c5be78b,14,Caravan,8148.73,52.06,,99
1d2488f3-0364-43cc-92d9-178900d0160f,8,Protege,4236.43,93.54,,94
9c5785af-c549-4890-b03a-15f30173966f,7,W126,3640.42,45.69,,9
9a1883c0-f74d-42ac-8276-96ee03da0d02,6,Ascender,1021.55,30.63,,81
2d9e3026-7606-4ece-b3e1-ff41428aa26e,6,Crown Victoria,6162.4,46.29,,13
800bdd04-10e9-4197-a167-8563ac4c9c62,1,Continental,6752.88,85.39,,20
8927de99-07ed-4d78-a5ea-55b0468f337f,1,Grand Prix,2036.36,60.27,,23
0bfc4ff7-7aaf-443f-90d1-895985b28f64,6,Accent,2923.62,37.4,,98
e13c33a2-2dc4-45b8-bd8e-97ebcb405283,12,Impala,5860.96,35.69,,62
ee23dd36-2f43-4c23-8544-e9b0434fc968,3,Mystique,3341.22,63.68,,13
bacf5daa-9eb4-4496-85df-60226856125d,5,745,9891.69,68.59,,54
7bef0045-0fb0-4b20-9dda-a902af1a76d7,12,Golf,8265.3,4.35,,99
6f4bdbb8-db12-4250-a5b3-6867dea0f8ba,8,Truck,3295.92,84.4,,74
50b4f0d1-301d-4a3b-b8e9-840ac3911b5d,5,F430 Spider,1444.95,45.24,,67
987b6032-311b-4ed0-aca2-2e7d32d97442,14,MPV,9109.54,2.41,,30
7a5f0f16-6c57-49d2-aa48-441e5a2fbc78,14,3500,5357.88,35.96,,51
a98e7261-5445-4930-870f-7b8ed776faba,6,Grand Am,5887.5,28.71,,36
fbc6ddc5-aedb-4a4e-b08a-9b36310a6e3c,11,QX,1086.69,64.12,,76
95b85f32-65ce-45e7-8e3b-a61e53171865,14,Thunderbird,4929.76,17.03,,59
60d46a0e-1f09-44e2-b30f-4dd367b664d4,7,Sienna,4882.5,96.68,,38
8a332e26-8de8-4949-a148-eee8570d1d3a,8,Savana Cargo Van,9793.71,40.76,,31
b917c5a0-f36f-4e57-b848-44e4dd04c911,12,Sable,5012.5,91.94,,68
ee907aa0-2670-43cf-8020-9e0e576f3a60,1,Quattroporte,9551.29,32.12,,54
be82e5bd-e178-444b-88e7-e3b7c9e0a63a,13,Soul,7081.03,34.31,,74
7a894fcb-566e-403e-9285-1dde508fb607,13,TundraMax,4677.36,86.42,,22
22c7cb33-9fe3-44ac-a52f-e4af253885f6,1,X3,5592.58,97.45,,59
997bb60e-fea2-4822-be45-0c3f3bb55107,3,Ranger,4086.08,13.24,,65
3cca971a-ffd5-4c68-96b2-7793e9ded875,5,Milan,6293.19,38.31,,13
6e760c7b-1676-4e62-bd99-34371e1ea825,5,Rainier,9803.27,45.36,,22
f0128a66-a1e9-44df-a645-e7dbf683f548,4,Colorado,4325.44,66.65,,35
7e52a16e-94d2-4c65-b292-e09f6ebf2a75,3,3000GT,1998.54,50.94,,27
b8d6ffcc-ed45-456e-a13f-29ce00257508,1,Touareg 2,5361.15,69.72,,77
230d880c-f694-4592-b818-6baee6c2e952,11,Miata MX-5,2028.64,26.59,,89
660bb437-ae6b-427e-b57e-907a0b2ae67e,1,V40,3886.23,65.35,,53
12b8e419-e7b4-486d-b202-d14b1c6cf358,3,Panamera,3834.27,23.43,,99
82489816-e636-4a95-bae7-98dc75d6bf04,2,Outlook,7038.44,53.9,,13
55b09d87-5668-4926-bf6a-0129ca96bbe7,6,Grand Vitara,2280.96,41.0,,61
a32757b2-1523-4841-a14d-e023ee486f57,11,A6,4714.74,41.81,,88
ced45b4c-6587-46d3-b39c-69e7f39e642a,14,Continental,8682.12,80.89,,67
016bae0c-19d0-479d-b4cd-bef65e79269a,12,Camaro,8959.82,92.98,,63
f3dcf576-55a6-4ae1-a700-b5ac239eabad,9,S-Series,5222.22,25.85,,45
8d7b0210-5a8b-4231-bf87-fde19ca2ca5c,9,Celica,1477.9,29.64,,6
5d361127-bb41-4b3e-b2a6-d63c4a9a2074,10,Range Rover Sport,7138.65,75.81,,60
bd54bb20-ade6-46f5-8500-ecd16f141715,5,626,2542.19,18.49,,7
48fb0312-2524-42e4-8b85-0fe5df67ea58,11,FJ Cruiser,9759.2,41.63,,19
7cd91432-9098-4668-85d0-c8aacbe6b19c,9,3500,7091.65,52.31,,87
8423d0e8-bdf3-4fd2-b5cf-80946fac177a,2,Sebring,7136.3,89.58,,1
8864c4ee-d8d9-4ed2-b986-f191fb7ad65b,12,Cultus,4043.93,18.16,,49
bc093f20-9a28-41b1-925c-501d521f9979,8,RL,1114.12,38.34,,53
9e6f455b-249c-400c-8e30-eb67e8572de1,5,Sentra,3933.27,65.54,,77
3f4aa6f8-d27d-474b-8a91-adf90a440a3b,11,Roadmaster,7147.77,24.92,,62
62e33e05-4fbf-41e2-910a-af194103f30a,3,New Beetle,5347.73,20.53,,97
dacd8353-0b9c-4f0f-a19e-ce8db8ff8ed3,9,Arnage,4345.09,57.6,,14
a64a6a5c-5987-40ed-9181-489b870205ab,11,S80,7660.33,63.33,,32
25dea637-bef0-4f62-acd9-8e4599b6720b,12,S10 Blazer,5457.0,49.19,,44
68a9111f-d06d-4078-afd3-1fb6d000fd9d,1,S6,5101.23,98.25,,59
858c0945-d170-4afb-b819-372885a43359,6,Legend,3395.49,57.29,,98
c5478d5c-2cf4-427a-bf02-6429dd92b321,6,RL,5719.4,51.33,,96
5a9e76e3-7b43-4a96-9b25-5529a211f277,12,Matrix,5607.89,27.33,,17
67f81013-87b4-415e-9cdd-5b915772510a,4,Paseo,4798.73,70.82,,8
dbce9620-37d2-4f96-a862-82d695d928f6,13,Cabriolet,8893.49,63.66,,53
2f788231-3b33-4cbc-9da4-37534e76779f,1,G-Series G10,2379.44,82.97,,8
7742864a-1a92-4d3c-a9be-557fdb02faea,9,911,8394.54,1.83,,99
c267c8e6-2e42-4e9b-9d39-ab81f066a0e5,6,Matrix,9333.76,83.49,,76
459b008e-202c-4364-b0cc-91255e81f5fc,3,Golf,5695.38,41.99,,31
6b0da6e4-c7c4-4944-bf3f-157326f61a09,9,New Beetle,8876.18,60.09,,51
99d92185-e990-4424-8537-f11b37a84160,5,Sonoma Club Coupe,8245.41,46.42,,1
acf25aa2-74f9-4ff8-b8b4-b91ae44c526d,12,Sierra,7230.75,31.44,,48
56a33048-4315-4ad1-a3f4-d17b7698143a,14,Crown Victoria,6735.16,45.97,,61
d738566a-0b94-4021-9d48-e08ff1c669a1,1,Hombre,7972.36,24.28,,50
42bc818a-43a0-4def-b320-ae8a351d7047,4,Escalade ESV,5795.54,52.0,,100
dd4e8a58-bfde-4f83-a41a-82a2a55b5089,7,Chariot,8877.28,78.85,,20
17112c39-2e33-4254-a008-83893c1cd738,4,Escape,5196.44,7.97,,14
c23e069d-1f49-4e69-97e8-c1f2404a991b,7,Optima,2276.78,81.19,,6
7d4ece8c-a4ac-4c2b-a702-09f3a655cad1,1,Torino,9387.75,74.2,,9
c504cc86-6e16-4728-a3c9-c6396d85cff0,8,Range Rover Classic,3209.27,20.73,,62
212cfe12-9300-4904-a318-9549ca018cd1,4,Monte Carlo,7731.1,54.75,,55
7f7f7836-a4f9-47b0-afa1-2f1fbf2c3d53,12,Stylus,8356.81,42.03,,16
81ac6313-7c9c-4353-9486-82e28cafefea,5,Allroad,4934.93,73.53,,90
d5da7c31-4067-49dd-9a2f-4911a9e8f892,6,57,2057.67,91.01,,77
b4271a20-ca24-4b99-94f2-20290360c4ef,1,Golf,4243.23,84.7,,33
758fb0cf-d767-4988-a731-6fae3b239fec,14,GT,6224.23,82.92,,88
3802211b-47b6-4a31-a4c7-57f6ce2ded1c,5,Cavalier,2570.6,51.42,,47
c2262558-4df1-4153-b536-ba368849a86c,12,F250,9334.62,18.08,,31
4b45abe5-b9f8-484c-88bb-55f588f50e7d,4,Familia,5512.62,97.29,,11
143097d4-4ca2-4e25-bb03-be45ed5e9833,3,Escalade EXT,5161.59,15.2,,46
4d588bdd-6463-488b-813d-83a89f04a3fd,8,Azure,5229.79,34.88,,13
b56ba178-0466-4d48-a87e-bb6f36856115,4,B-Series,8328.95,30.71,,44
a21f5bf8-481e-4901-83d6-f273e9a14093,3,Accord,8625.07,27.9,,80
769baed0-6e0b-478f-9595-ce6e92bc21a4,7,S-Class,9790.9,42.21,,84
8bffd52f-dd42-4dd8-8448-dedb7e671ed0,13,Touareg,9259.63,74.06,,63
8080090a-677b-42d8-94b9-4949511994da,5,Town & Country,3651.77,92.83,,91
49dfef27-ca22-4c94-a654-8228d653c333,13,Intrigue,9527.45,3.28,,82
da58d00e-c6ab-477a-b1d5-aecdf6bf64da,4,RAV4,6625.31,41.05,,3
29f96bc3-9959-46cc-b8ff-9747d777045a,14,Matrix,6858.77,66.04,,54
ece4a2a0-ef76-4dd6-ab96-c5e231158d67,6,Range Rover,7481.22,15.03,,90
b45d0e4a-7c42-49ab-83ef-834e24d0766a,2,Clubman,7749.99,34.84,,83
8d233ed8-21d7-4163-a265-308ad38d61fc,4,MKZ,1652.76,36.14,,42
f93971ef-8ddf-443d-a3df-96ad7059d7ea,11,Quest,1866.64,71.54,,68
9446ff7f-0dfc-4724-87b7-fb9d0fb82eee,4,Civic,4318.34,74.81,,99
cb517af4-c72e-4fdc-9f08-7be31762b7e6,5,Tacoma,8575.38,72.22,,47
3ba451c2-551a-4a7d-84df-476f50d91ef9,4,Econoline E150,6328.74,65.32,,29
345f02d4-18ca-4460-9ebf-6ba1f5dbd64f,7,900,1739.99,81.52,,20
cff5d4cd-965e-4931-99bb-bbbe167d51cb,3,Pajero,6588.54,4.26,,92
a1aaf66f-3100-4ea4-9472-856e6b930196,8,Town & Country,3078.7,16.79,,82
1b417a74-51f2-440d-b6dc-c66155fd6491,13,Aviator,7085.55,4.67,,37
1e808ec0-6a8c-42ae-ac89-b86890bd245f,10,Escalade ESV,9477.61,36.89,,1
e25fa91f-caf5-4500-8983-511f12e156be,1,Skylark,5290.21,86.1,,30
e49457ac-1046-49f7-b1ed-deb3abea86e4,1,Celica,7822.66,91.37,,11
aa1214aa-8a5a-4007-822d-0ee9a9ffefc4,9,Mohave/Borrego,2885.97,86.83,,45
6e704e94-abe7-4da8-8fb0-8c38acf2f9ee,1,Boxster,3304.65,77.51,,77
5032809f-60b2-4f28-bb2d-0d518108304d,8,S-Class,8660.68,85.24,,15
bb5f1e30-e23a-4e7e-9568-9586f6f17daa,10,Traverse,2162.91,62.04,,85
31a8a99e-a031-404c-9f78-9de4c33cde92,10,4Runner,4758.29,46.91,,4
daf5f52a-1b53-4acb-b988-92007004c79f,1,Miata MX-5,9010.04,51.52,,34
dea63167-349a-4d41-8e33-34ed9d3a1191,12,LeMans,9011.63,52.26,,47
a5936f5d-9770-4125-8314-d3fc1720272e,2,Tribeca,2926.25,63.08,,74
da26edf3-8ecb-4f5a-a519-36f7c5d6ead5,14,Tracer,7697.76,69.47,,79
fadbf8d0-f9bb-465b-96e4-ea2f11ba8291,11,Express 1500,2779.82,84.08,,9
bf4e9e92-518a-4d12-b2d4-549ac12ce0c9,9,Escort,8380.11,71.01,,34
2354bd0c-11f4-4fd9-a73e-3e5b139e29b7,4,Avalanche 2500,1400.04,59.8,,21
054eb870-2277-4763-ab72-425f48fd35b8,6,T100,8614.02,13.94,,24
e94eeafb-2f11-45a1-932a-2f33661562b1,4,Xterra,2755.85,51.95,,82
041ae073-9a38-46a0-acd7-da2bfe45d87a,1,EX,8915.19,65.54,,6
50378d9a-8640-4890-90f5-26feee369d53,11,Savana 2500,9045.33,84.55,,76
77fe2912-f91d-4f1e-9773-8825d8a5175b,11,Bronco II,2153.93,17.34,,45
ade80791-f1ac-42e2-bad9-a731cb7ff855,3,Familia,5070.72,94.28,,45
ff9355e0-c8bd-48d9-9eae-2b5d3c80d5b2,5,Esperante,8380.41,87.39,,54
092a87b8-79b2-4c7d-bc87-a5902d28e35c,8,MDX,4163.6,75.05,,77
1639593c-3270-40f3-9f5f-5b0b1d2c80f8,2,626,8928.46,73.94,,7
3ca99df4-097e-4993-a9e8-82738c7b175f,11,4000s Quattro,1291.74,40.13,,48
12adb6d8-6716-4b9e-a589-29106e81ff67,14,SL-Class,5778.66,76.46,,97
f232b344-70bf-4e03-868b-23b2f4857ff7,6,Skylark,4243.07,24.18,,2
d4f35e79-33f8-4a2a-a3da-21189e10a4a0,4,E150,3517.98,90.39,,89
4f10f66e-0a3a-43bf-ac94-992bd7c927bf,11,B-Series Plus,3884.04,26.8,,58
a4b567be-7b8d-477a-86b8-a4e92863c9f9,14,Grand Am,9654.8,1.53,,21
bbc2a95c-fa1f-4118-a4d7-eb6736954e75,9,RAV4,8133.8,62.16,√•√ü‚àÇ∆í¬©Àô‚àÜÀö¬¨‚Ä¶√¶,27
b330b3df-17c5-4342-b7ac-f84ab443e045,11,Sienna,1794.46,28.24,,63
f533a755-83ca-48d9-a716-24f9da94f017,11,Yukon XL 1500,8448.35,54.08,,96
bd6b9d95-803f-4f75-a3b0-ca1a89c8486a,10,HHR,4114.68,10.51,,15
9751047a-3c40-48eb-a3d4-2a3bd7183fce,14,Electra,5794.18,97.88,,83
f66068ff-7ca6-4a22-ae87-f7a289349d60,11,Vibe,6848.04,39.3,,28
59bf623d-ac18-4596-93a4-5b198998cdc2,2,IPL G,7741.76,10.32,,53
8dad9343-acd7-4665-8d59-a9d483194a74,11,F430,3419.34,34.47,,72
a89351c3-dd2c-4fdc-91dc-bf2e0c0b9223,14,Murano,3345.12,60.89,,67
8819351e-86e6-45f2-a228-a4b5428c707d,6,Mountaineer,7667.56,98.01,,31
7516a49e-c653-4fc1-9767-c4fa2e3a1ae6,10,SC,8230.91,47.07,,52
9eb85a2d-6c88-495c-a65e-bab81709019b,2,A8,3604.19,20.63,,85
02d57f62-fd14-4549-a17a-50036ae0d3f0,2,Familia,2844.67,61.58,,53
9bea653c-a1ff-4eeb-ae38-6016416ae91d,12,Daewoo Magnus,7531.15,64.61,,55
6f7db5c6-5817-4b77-b8db-f5e6ae1c7a7b,11,F150,7271.62,45.29,,64
99225002-b42f-4236-ba68-ecca63cb200a,12,Leone,1540.39,99.75,,17
2a9b2399-cf4f-4553-8743-5c4405855cce,5,Town & Country,6233.79,48.55,,86
a044f4bd-c2ca-4b97-844b-7581211d09db,11,Z3,5707.97,35.24,,42
ad616fd9-adcb-4c4d-863e-2b677a3139e0,1,Intrepid,5825.58,69.21,,95
e68d394a-3070-4443-a267-0fd9f0251f33,4,911,9022.13,19.82,,49
b08d34d1-28bf-4391-98e5-ffc6e7c25b67,9,Lucerne,2414.92,51.09,,54
daae57ba-ad74-48de-8158-aa25d223e779,14,Rodeo,1518.5,94.77,,94
c9b28f30-4784-41d5-ad8a-665275f94047,12,RS4,1482.99,58.29,,81
a666ae85-3843-4a51-bbba-9bfaddb60325,2,Excursion,9709.71,2.76,,7
9e9663b7-12de-4916-bd19-690ecc0a37cc,5,Avalon,7785.81,76.17,,30
93e6cc78-a6ea-4d8d-a790-1ca8c9935699,5,Crosstour,4635.71,5.33,,6
e692cccc-aa03-40c4-8ed8-1f02c9795996,3,G,9861.29,84.4,,91
776bd350-fbf2-434e-b136-f39f68ca794a,3,Esprit,1364.77,71.15,,87
6b859360-3a34-4937-a578-ce72fc8930a7,10,Tercel,8480.96,8.91,,65
56da9693-87d2-469b-88f3-ef9a67ee19b8,11,Monte Carlo,5638.68,88.3,,80
fc0f7322-db88-460f-8ce2-a34edaf22f5a,9,Tempest,9599.47,22.12,,66
0562a806-887e-426d-832c-c9954887a385,1,Savana 2500,9415.45,76.25,,60
a96f9623-7101-4fb1-8bd9-63ec8559ee60,2,LaCrosse,6206.18,59.88,,36
f838b55f-ffe3-4e44-93fd-5d2d0c7fd756,3,Escape,7984.42,49.63,,94
e33b02d4-d643-4a4f-ad21-e9ab4031e937,3,TL,7416.36,10.57,,16
02d152c8-bc45-4ddc-aeae-f2b53a04e0aa,1,400SE,7481.05,63.5,,93
1de795d7-9169-4efd-a7ae-e2aefb82a29c,6,Astro,4117.2,97.99,,40
e90c4843-de97-446a-ae53-915075c8b46c,7,ES,7520.34,23.09,,52
e1cf18bc-ed98-4866-bb09-e558df658f9d,14,LeBaron,4349.57,72.17,,46
6d4b78ee-e3ba-4753-9ee4-5bdec07f15d5,3,X6 M,5774.04,12.53,,59
b8054634-a177-4072-8b9b-30de68a1724f,3,Escort,1192.91,31.07,,48
8f6aec03-362c-4ad1-a9a4-2f2aa4877952,2,LTD Crown Victoria,1893.36,19.39,,34
5b8e2daa-534d-41f4-a4dc-a65aaa59c813,5,Ram Van 2500,8741.83,92.2,,22
c1b95764-a919-42c2-96ba-e244159a0667,13,Mirage,8070.45,50.71,,29
3bf52de6-3cfa-4d41-b5e1-05aed6730a0d,5,Achieva,7522.93,49.1,,83
77fb6b5c-8ac2-4ff9-ad16-124d5ce08924,12,SLS AMG,4674.61,69.72,,9
c34100a0-017e-4a4d-b8aa-d5846b5b28a4,5,S10,6190.27,47.53,,30
88d00d50-6c97-4451-be58-91d8b6c37d4d,1,Echo,1838.93,84.54,,94
ee53c519-3804-4487-81c0-502e1d0d28b1,6,Wrangler,7070.36,13.75,,91
d6b9a27a-54fc-4b0f-aa8e-31ede6693820,5,98,7207.64,44.18,,79
0005a719-fa7d-481b-b8c2-c87cd8a3e397,5,Mustang,4284.04,53.71,,12
0db8aad7-77ea-4c34-8c0b-84972a301f05,5,Solara,9871.04,88.34,,88
84eee2a3-0999-4c9c-905e-608560a9b13f,10,Daewoo Lacetti,9093.01,45.45,,78
d342583e-9eda-4705-a075-d34f777eabda,11,Vibe,2047.79,31.36,,15
795772ee-071c-428c-be66-59b1184d977a,10,Passport,8726.96,40.65,,24
ba766329-4ee2-49ef-9113-b07d4d18d6ef,7,599 GTB Fiorano,9351.48,33.73,,46
311c8d02-28af-436d-afa6-b6edbc72eec2,6,Prius,2874.44,43.78,,2
ab48cdad-6ec7-4df8-b5a2-d0207e6872e2,9,E-Class,9253.06,44.53,,74
2dcec4b6-246c-4fa6-b172-9db26071ba8e,3,Sierra 1500,7238.92,70.23,,62
bc108b67-4ffa-48c4-b14e-d8948153d1b6,3,Camaro,2662.39,57.38,,53
d5a1625d-e740-417b-a2a9-9d618f6b3f9c,3,Cayenne,7530.17,58.23,,91
0e587e75-d727-4bb7-ad56-46e62f4ec256,13,Eurovan,1726.32,65.44,,23
cf80e445-ab57-4dc8-be41-bc76174c6f55,11,Mark LT,6323.93,82.15,,79
4a32e0be-b26a-48da-99a0-84e8f29b6c5f,5,Sonoma Club Coupe,2512.85,22.17,,97
1c3972f8-0d77-4a8e-82df-91b8fb444320,1,G35,3259.03,17.65,,61
6968c81a-7459-44f5-a47b-d349a89528f3,6,Camry,2678.22,35.4,,2
0d5333ae-b728-45ff-b979-06035a742e5a,8,Blazer,5563.16,19.96,,86
3e27ad44-1d1a-43a6-91e4-889e5caa8d60,9,Solara,8680.35,57.08,,62
2ec463d4-d37a-4967-9ffb-160c7062128b,12,Suburban 2500,8837.25,55.52,,36
1ad90a1d-d5ee-41b0-8498-0a4b87ba4dc3,6,Highlander,3996.38,51.25,,89
289a6bd3-0a25-4454-8b06-47d77ad32f08,12,4Runner,4550.98,57.47,,64
971cb913-8f37-4d51-aa7e-5e67152e5a63,6,Mariner,1056.8,94.97,,88
ab750494-a022-4c57-bf8a-e86ceabc36e3,1,FX,8631.13,31.73,,45
13577864-bcbb-4a1b-88cf-17250c96c3ef,6,Estate,9114.24,89.49,,54
162c202a-f251-4ee9-9716-073751a8bd61,6,Century,5288.53,17.34,,18
4562b591-5a82-411f-b432-b6920bd1cce4,9,TT,7795.51,26.95,,66
9be0c7ca-b7f9-4899-8045-c919b25cdc0d,13,Jetta,8882.12,36.18,,34
3456b939-a6a6-4619-94d3-e96fc136a213,3,A4,7615.75,40.43,,46
f12ca01f-fc9b-47d0-9503-164a747a7a7a,9,Turbo Firefly,9068.86,94.59,Ïö∏ÎûÄÎ∞îÌÜ†Î•¥,62
d86140ff-472c-4479-bcea-1bc24703c850,5,LX,4384.41,22.98,,15
ee446ad7-b2d0-442e-9252-e13e5dcd3b24,10,Stratus,4729.34,52.76,,23
f29af473-d5f9-45f0-91f5-316a45317b72,10,Safari,5140.61,25.91,,58
9ef66eac-f7b7-4d07-afd0-c5854f61db95,3,Highlander,2421.63,57.8,,47
e7bc6e3b-d37f-4f61-8fc6-57af7e2e6ad5,3,Altima,4807.59,25.69,,40
9a56e1c7-f58a-447b-a1b6-4d77c70f817e,2,Continental,6962.26,69.85,,84
e5c9550f-d631-4c2b-a2ba-a43921adb4a7,8,Q,6339.59,99.07,,47
c064b7ea-c85e-4adc-b5bf-f42ce0a85d8f,11,R32,3692.01,45.49,,82
ab23c3b7-3992-4ac1-8654-e0721074f5da,3,Expedition,3758.81,35.34,,66
e5107bfd-1df4-4db1-98ec-84804a589a12,14,C-Class,3703.36,66.29,,56
11cb7c7a-961e-4211-808e-7bae1c234719,9,Tundra,8972.85,76.0,,75
06d70c9f-bcd5-4f6e-aa1f-a04a38c74cba,12,LX,1851.77,90.6,,10
74aa81bc-a459-410b-b569-3b6a94937164,12,Safari,5358.3,78.93,,52
183af75c-145f-4045-87c5-2cd79d155345,10,NSX,5235.4,52.05,,93
651611c4-312e-441b-9e8e-fd6f39b2ece0,13,R-Class,5596.44,80.6,,34
733ca247-5dec-468f-be16-31f3f8a95033,13,Grand Caravan,2539.96,49.62,,96
7a4d233c-7ed4-4f38-8254-cd807a2eeb2f,2,RX,2165.32,41.65,,76
70dc6471-a366-4268-b1f1-3379dddb9513,13,3000GT,3215.67,32.44,,73
04890f34-ed8a-48b3-99c9-6efbb9de1eda,5,Pathfinder Armada,2080.17,79.15,,49
2d417bc3-7804-469d-929b-d6d8728e082c,12,2500,1773.98,41.45,,5
7b665de6-f425-4e4d-9db1-4609b7aa0f91,6,Lancer Evolution,6201.81,98.67,,43
2bd4e94f-0aa8-4d4c-9117-d115b4bcc2ef,2,Freelander,6304.0,92.94,,53
59142478-8ccd-47ae-a094-8138ffb122cc,8,Impala,3647.86,8.76,,22
9d6ec3a8-3c39-4421-a302-5869c4606b4e,3,CR-X,1942.71,57.58,,49
fc382b0c-a568-423a-98f9-8476ed83095e,8,57,9708.73,77.3,,8
a804bf18-436f-404e-995c-8bb281ed06c5,14,Ram 1500,1090.04,12.54,,49
928e318e-8476-4974-b009-40eee8599ed4,9,Cougar,8697.33,5.12,,34
bb33fca1-4dad-4b8d-99c3-f41ad577d6b5,12,LTD Crown Victoria,4642.75,79.64,,40
89268311-180a-4138-b9ae-65132c1491de,8,Accord,5867.45,35.22,,22
dfb68fdc-a2e9-4723-9e83-eaf81dfa9ff1,6,TL,6252.81,76.05,,26
a7649625-547f-4982-888d-f373572433c3,8,XK Series,3127.45,68.27,,31
32584a18-00b7-4d50-882e-b678ddfb7ac3,2,Sequoia,4857.12,34.21,,30
c0583de2-92b1-451b-9d71-99f27d3f1c95,9,Matrix,9459.49,19.23,,26
4501c623-665f-49a8-b106-ea68ee691a1c,12,Tredia,1799.04,66.7,,51
d2748844-e171-4dce-b3d6-ee7d37f8c5be,6,Impala,3109.14,50.74,,15
59c8a149-53c2-4035-95e5-38a66b94540c,4,M3,7064.49,80.7,,92
073e8fa6-a0c7-434a-aa02-0bb7b4514811,7,Forte,5923.42,27.35,,36
0e2ae206-92cb-47c6-9392-b0bd5d265f09,6,Continental,8558.52,59.21,,26
d383ea3a-3fa0-49cb-8bec-6a3bc09ab484,1,850,6585.39,6.9,,94
aa47927d-d902-4c39-b83f-f8ca8649de73,10,Grand Prix,1151.05,18.39,,99
4233c9a0-7de1-46c8-9ed2-9e6189649bc4,13,Truck,8797.31,1.19,,25
764589ff-4e4a-4662-acb6-7328c67040bc,11,RL,5862.03,69.12,,95
86cf767f-5386-408e-b662-6a6e6bb7037e,8,Ram 50,1649.92,16.68,,58
80e45834-f9dd-4275-99f8-619bce7f14f3,14,Tahoe,2245.23,22.33,,53
28728777-385b-424b-8b7a-b58b49475a26,10,9-5,2049.48,77.28,,38
7dfd9345-893f-4503-8a9b-997fc8e08d1d,11,MP4-12C,3788.09,65.98,,97
04d9c36d-18e5-456b-8fe7-a5f4b10bc0f9,13,ES,8017.87,23.67,,18
2deead25-0a34-4f7c-a75e-46841d3ce539,1,RX,9986.95,61.8,,79
06ad5154-5bdc-4769-b690-4afa5036b40e,6,Pajero,5023.36,50.7,üë©üèΩ,15
887c80ff-cb4a-4967-b41e-ef3ffcf37535,8,200SX,7873.11,21.13,,93
7ef12f8e-3a96-4f6a-9372-f52433f3dfc4,4,Tribeca,7965.9,91.64,,72
25dd74e8-48ea-4970-946d-1c2ebd5f1305,14,GTO,1231.16,24.91,,55
931828a1-9069-4720-82b5-9c8f194d322d,5,New Yorker,4123.86,97.53,,52
c59a42e6-6140-4c33-b068-c261ca1391f6,10,Monterey,3571.58,11.91,,96
84532441-297a-4033-b664-6fbf95a91430,3,CX-9,9526.19,47.4,,55
c8f07dcf-f8db-4015-8850-7cf7fe9dcacc,4,F250,1712.41,66.92,,86
2921ff8f-3fe7-43b5-be3f-447c9c89e16d,13,MX-5,9715.85,43.28,,57
b1daf697-1df5-4a4f-b1ed-ce7e6dce86e9,12,Regency,8678.35,41.31,,34
4326bd7d-33ab-492b-b494-58f4bcafef0e,9,Sable,7587.04,87.09,,63
c4a59475-0e09-4b6d-8fc1-fb19f7679f93,12,9-5,6861.64,78.22,,38
88ac6403-4301-449b-b24a-0438c90324a7,13,Ram 2500,4660.95,43.68,,77
816e44c4-3ee1-45bd-a3d6-6053f6a3b190,11,C8,5816.69,33.08,,40
35f4faa1-f713-403f-a421-9cb7c978b955,11,Silverado 3500HD,4909.8,14.32,,40
2595fe20-90f8-4324-a58f-28883503fc0c,11,Ram Van 2500,5119.58,12.01,,17
b0b62060-3697-40be-947e-7427cc77fefe,12,X5,9275.12,48.33,,62
3bed602e-b3b7-4b50-8aed-54100a6b248c,11,Excel,6438.27,86.99,,59
fc160ada-f5d3-45f5-8064-c8a837590770,6,Mazda3,5070.93,69.42,,65
7fcbffec-a689-4c9d-a140-923f222d4822,11,Challenger,1144.72,49.94,,38
a0c4f875-811d-4cce-9cea-cf0095b142d3,10,Tribute,1662.72,68.01,,12
c2936f4a-ed84-4349-b5ea-bec32f4bf496,8,Escalade,6216.75,5.0,,57
3699bad5-3fac-48ae-b951-4523390c3200,4,F150,6736.92,25.33,,2
91a83371-880c-4b94-9e02-6c0831d02f38,1,S-Series,9763.06,8.55,,11
b2066257-bb1e-434d-a93c-1f793e5cd34e,2,DBS,7438.97,58.15,,7
b2ae30f4-15b3-4abc-a1ec-bb62bf5b0fc3,12,Yukon,3694.88,70.93,,23
a16a3325-ec18-4f7c-bd02-bc62b41505d1,7,Crown Victoria,7528.27,84.33,,97
edfeb5d7-b6d7-4529-832b-59a593099a8c,4,Range Rover,4788.79,15.34,,53
6a79e64c-e3f5-42a3-8a79-d34b1685c87f,3,G,9702.45,79.44,,32
1486af18-0c70-459a-9b11-3b8d343cf54e,1,SLR McLaren,1118.45,83.17,,91
958c984d-0447-4faa-aa54-54b03f25fda0,6,Eclipse,5619.1,87.5,,91
83cd6454-0fdd-4f64-9b57-4ace65412fdd,12,Rodeo Sport,5594.48,66.34,,20
07daf969-0417-4710-bd19-3df166a00b96,3,Villager,6020.99,26.63,,89
deb2e93a-e9ae-4a08-9637-30f1c74baba9,5,Firebird,4923.38,51.59,,92
1c65f654-a995-43ea-9a40-c9ab0e33cd0f,6,Silverado 2500,4680.8,15.87,,64
4e4b0006-71aa-4f28-85d8-59ae7bd784a1,14,Mazda3,8936.67,11.24,,11
001e708c-35d7-4913-b9ec-b22f18f6ebc0,7,PT Cruiser,5583.19,31.09,,100
a2494f35-4d4c-46ce-ae94-df1e6427c0cb,12,Express 3500,2444.45,55.35,,58
1e251325-f7fd-45ad-8d50-2833334ac186,5,Arnage,4624.27,7.06,,52
3cac398e-a1e6-4f98-9f92-5bb3cd21060a,4,Firebird,8178.87,59.52,,57
44373b07-1e67-4b68-accf-505798b2de85,4,Rabbit,6250.85,62.46,,64
23327468-8464-4097-9246-a5c4b88e0877,7,Tacoma,8277.33,82.98,,50
a89c0b39-3256-4a62-b9f8-c481b28dd62f,10,Sienna,1187.86,56.17,,73
fc7db281-5c46-486a-ba23-1dcec6530bdf,6,Sunfire,7411.5,31.86,,4
7b1e9a32-1afb-41e0-9e29-276b7de93f6c,8,Avalon,1607.59,11.39,,97
9fabe624-f55b-42c3-a41a-063b75d35fc9,2,Vandura 3500,6079.66,83.04,,47
8088ee78-153d-4169-a73d-b2aca3b40368,13,LeSabre,2141.77,18.95,,25
3fefaf9c-01ab-4573-b542-226b164adc6e,11,Escort,6950.56,29.26,,98
04db9c2c-075a-4405-be95-1b0b168b9927,8,Firebird,7455.16,12.67,,57
6e3c5d27-f625-4e1e-bf77-bf9172f07c69,9,Galant,7171.53,64.43,,91
7bfa0df2-b809-4dc3-88d4-d3b2972990c6,11,Freelander,3163.13,92.11,,81
212de913-2046-4a1d-adbc-0b8fa02e8c5d,14,Eclipse,8983.23,24.68,,26
db0d4971-97e5-49e2-ba48-57b6d55e5052,12,SRX,8274.65,42.57,,42
3c544b45-7139-4cfe-9d9f-b236b9479c4e,4,Sonata,7326.36,43.79,,89
a703b3c9-4ee7-4cd6-9e79-70203d80341a,2,Xterra,1213.98,21.19,,42
6bab1ec4-e332-40fd-b725-409b95bd2d30,2,Escort,2753.9,91.37,,51
b21aea75-5b38-49a6-a851-1751d0380f45,10,626,7696.14,8.85,,61
78e78acc-1c9b-4d9d-9c71-2083efd7ac54,5,Tahoe,1649.79,71.95,,71
5ea2477e-ce51-4c24-91dd-2684adab1913,6,Corolla,3228.25,65.49,,65
c59b3712-2051-419f-bf04-5ae375eac405,11,Sprinter,1440.48,67.06,,40
71d1078c-fa7c-4378-84eb-f947d2b8ba70,4,B2500,2224.84,21.06,,80
0559244f-1e6f-4068-bbbd-0e768594d162,10,Land Cruiser,9686.71,45.24,,55
cec914ee-7005-499c-8750-67bc0d026d90,8,QX,2637.9,14.33,,8
79642db3-d644-4876-a554-b9a30dac8706,12,VS Commodore,3703.12,14.73,,8
7565d5d3-6af1-47d3-8be8-dbc13f77cfbd,8,CLK-Class,7138.29,49.41,,76
0e97f502-3a3d-44e4-be4d-06e80e0efb27,4,HS,6276.44,96.49,,22
0586773d-fb1d-4e4b-8b53-ea594f5bbf01,6,Corvette,4765.45,23.75,,54
75b8bc24-606d-4cf5-9428-1115f4007565,13,Tribeca,2770.45,54.31,,11
eb8ce525-52fe-41ea-b0a8-1d3039303afb,12,B-Series,8709.73,39.78,,86
975b8410-8326-4332-922f-3c6f020535e1,1,Outback,3860.87,25.22,,65
2fbff0a7-64ae-44ee-aef0-5c577e1fc6a5,12,Prius,8622.46,22.83,,15
0c244534-b78a-4834-af5a-a1d08110cbf9,7,900,4485.49,25.6,,12
591c8ebf-6af3-43e0-8dd0-97a01a8be39c,14,X5,1311.29,60.6,,24
2edc02af-cd44-4b45-9a23-f913db1a666f,3,Sedona,1514.05,39.79,,72
88b16697-2ced-4541-b302-0009e142f775,4,90,9647.02,72.72,,73
1081ea1d-125b-484b-bf58-63821fad6c8e,11,Coachbuilder,7114.53,61.22,,13
0d8ba586-d3c8-4aa0-a4bc-f94c6cbaccab,8,GT500,2711.64,45.79,,52
188142fd-2ed3-4796-8a40-fd6a6a746fd3,10,2CV,9541.45,83.0,,82
65a9ea8a-a123-43e6-ae72-4f4c8a3a34b5,13,Altima,5971.92,76.97,,62
30218fd1-e829-4ede-9da9-825cff70c551,13,GS,1877.91,36.57,,54
8be53140-5cc2-442b-bd42-9326fdee6d4f,10,Truck,8056.85,4.45,,10
cb490ecc-4120-43a2-94b1-1ffc6a37a329,1,LS,3144.75,78.46,,56
bc84330f-8be7-45ad-a488-145438fb45b5,13,Coupe GT,9303.95,60.29,,85
2b5a7cf0-15c9-4f03-8787-006a5ae7548a,11,Rabbit,4827.14,41.45,,61
1e56a2ce-2188-457b-b28b-4aef9d6319a8,4,Ram 2500,8414.06,96.26,,54
a85f8533-20dd-4889-9932-c3067c895e09,11,Rally Wagon 2500,2448.21,71.42,,76
aac86c77-31d8-4f4a-951a-4c9b1327062b,12,900,5323.06,49.21,,93
2a8d1f87-2b08-4270-8874-2a4d7bd163ae,7,LeBaron,8103.38,57.37,,19
7b36b1e7-b36e-43c8-9c97-ce6a75d604d1,9,Quattro,2071.2,58.14,,73
3fb90863-c500-4c79-9d59-047ecc40e9c9,14,S10,6702.99,14.05,,9
3a24c595-268b-4ac5-9329-6f6769f996f2,8,Diablo,9846.21,89.11,,49
915308e4-67fb-413a-bce2-b1601bbcdcba,10,Continental,4118.9,42.63,,58
220c170a-45e6-44c3-8492-77d478450158,10,Flex,4164.19,96.75,,24
c3242639-02c0-4ece-ba6b-556673f7d31e,4,MPV,5871.68,64.23,,35
6f45a289-d55f-4bac-989d-90c9dcde1fef,9,1500,3167.6,10.32,,23
c2a0013e-d018-45c6-9f4c-2903d0b3aa32,3,Skyhawk,6724.53,80.75,,20
de3d8490-b539-4202-964b-51c799e1ce36,12,Truck,7703.35,45.91,,35
74a7d083-75b5-4eb0-8677-6075da7826d3,6,Element,4197.35,3.62,,22
7fbeba8f-c4ef-437e-8313-0ab9ffdeebd7,8,S10,5546.29,30.6,,68
499722e4-52dd-49e3-8b84-0e3849127062,11,SLK55 AMG,5114.67,5.83,,84
6b87ab7c-7d41-4f2a-81e3-f87dbc044892,12,Quest,1213.93,94.29,,71
8d0f3c2c-2bee-4df8-9770-6af1ab2efddb,9,Bronco,6462.33,28.47,,31
ff300fc8-3ffa-45dd-a219-ce4c131ca982,3,SX4,9616.89,52.71,,26
1113b26e-3dd6-43c8-b78b-62e38eb52a8c,14,Mazda6,3892.01,4.46,,21
594ae19b-5320-42a6-8cd2-b2a4468aa229,12,Regal,4866.72,41.13,,16
c50ceea0-a916-4805-830b-780186fab2c1,4,Grand Cherokee,7904.9,40.63,,21
cfc5a72f-cffd-4e85-9949-6fa48f71c5b2,12,Navigator,5860.18,57.48,,94
76ae7d84-bf02-44cc-b566-2b33ac9d9cff,7,Golf III,2994.78,72.18,,24
533474cc-86d4-4f69-880d-38ec36087c0d,3,Sequoia,5825.77,4.03,,86
ee67c2fc-c9fc-40a0-8547-d4aae4b0c0a6,12,Mirage,4111.66,79.5,,67
2f1bf5ac-dbe4-4c8f-be6b-3f69e846b93d,3,Town & Country,9736.99,77.44,,15
1e34c217-06e9-4999-a42d-c760f970b271,13,G3,9835.44,71.58,,18
316969c5-842c-4c17-aa11-58a98b99bf75,7,QX56,2025.68,93.35,,56
a296e332-2e0b-4987-9c1b-ac66dfd441d4,6,Accent,4523.11,57.8,,96
30e46589-2dce-46cc-8687-62aeb07c12e5,11,Yukon,6908.7,20.66,,23
841969f7-933c-4605-8b76-91fc1a600d25,5,Sierra 1500,6051.58,92.76,,58
a0116e44-1993-4e65-8952-0c0af9d3323c,4,TT,3860.55,6.2,,39
d6c0281f-a783-4d7b-a54d-405a4db56abc,3,IS,1188.51,4.6,,50
899657bd-c764-4012-b539-824bb04f219b,11,Vandura 2500,6439.33,93.43,,48
85033192-8146-42c4-a7fd-7f9b8af3902d,2,Montana,1102.01,41.35,,69
2436e978-e06c-404a-a2a8-5a5a80cc9151,10,3 Series,2378.23,49.14,,87
ef775d6f-be55-404c-bb51-45aac02f22b2,11,Laser,7467.66,39.39,,8
31ac30ed-b95d-4e41-a9e5-9e088114e5db,14,Blazer,4610.12,94.67,,51
a8582f01-d476-4c38-a20b-aa076807ac47,10,Skyhawk,7531.34,3.37,,54
306c1aee-c77f-4a2c-b32a-89e9d41d7159,1,A6,5827.82,15.94,,41
32de425e-171f-4a90-8940-84f838f1f9a4,13,Park Avenue,6183.72,57.69,,37
33351b3e-c6fa-4fc3-a89c-995422727344,12,XG350,2911.94,85.0,,31
7772a82f-5d8a-4dd4-8baa-a420dc76dfaf,12,530,4847.48,24.7,,61
dc07a0d7-96cc-4da7-8dd2-3c604e0b0cf3,13,Ascender,2284.95,37.54,,74
75bd0ccc-27c6-42dc-a565-9644a3353361,8,XJ Series,8328.62,37.16,,54
3ff633d4-77a8-4d75-9cf0-ff70517587ce,5,3 Series,9182.14,86.7,,96
9d130cc3-2413-434e-8a3d-58a883d070ec,3,Elantra,7862.18,50.55,,79
f38d09e6-f9ec-418e-99fc-1211302e8704,3,Sentra,6899.69,24.99,,17
6cadcaf5-092c-4bca-8c54-bcf51019913c,10,Ranger,8237.26,11.65,,45
2c8ff624-d66f-4bba-bcba-be16178cebcf,1,GX,5465.38,34.85,,84
751af2a1-d72e-46d5-a9e1-8c0b3371cd3d,2,Avalanche 2500,9094.35,21.48,,41
3e2077d1-ef5a-4830-ae18-9be66adb0004,9,Express 2500,2027.0,27.24,,3
a2e899dd-da0a-4f19-b239-0c244c040709,14,Continental Mark VII,3139.82,26.41,,44
ce900f96-2442-42cb-a31c-67e20f70fd05,8,Mountaineer,6661.92,51.19,,1
601127f2-d8bd-46c3-9a0a-acca39e86af3,4,Santa Fe,7151.76,58.78,,62
d9836b3a-cb39-4c1b-a036-7435f662d03f,1,B-Series,6030.47,33.87,,78
f73ac6bc-0005-41bb-80e4-9a4756f17e5c,7,E-Series,2226.31,9.01,,83
72723a45-ed04-4907-ad0a-488d6b2cc248,4,Nitro,7706.81,34.48,,21
c66d7bd4-ac3b-4701-a0b8-e5a02bd63cda,11,C-Class,7385.08,14.08,,25
483616cd-abc8-42e2-96ae-0c4f0b3a4c3e,11,Sterling,9726.67,23.55,,90
801fdf1c-034b-47ca-8674-30b3c1148f28,1,CR-V,4974.86,78.25,,30
1916f1aa-1ba3-48c8-877a-f7e9756e2515,7,2500,4416.4,92.74,,22
c05572df-6f15-425b-865e-53bd8acfe1a4,13,Pathfinder,3253.97,68.86,,1
b5c1b191-af2b-499d-9ef6-52671ef21c88,8,Endeavor,1346.54,96.35,,32
799d7831-2db2-4ec7-b5f4-ec6c3bd2a39d,11,Silhouette,2947.66,28.98,,69
58ee30ad-6663-4262-ad90-a21cad3b0860,3,SSR,9749.98,98.7,,97
61049fbf-0c85-4d60-a8ea-5bac6dadcb13,7,Magnum,6503.62,87.74,,79
e74acb78-05a3-4464-82b0-9eeafab05ec0,14,Taurus,8189.06,8.06,,28
63bd6f9d-54cf-4054-87e6-2f3646cddbf8,9,DeVille,5713.77,51.94,,81
d98ddf58-1c4a-443e-8a30-2fbb11865f8c,8,Civic,8688.09,71.93,,42
0d4c5311-61db-4e11-9212-237969e8d961,2,Highlander Hybrid,2490.03,24.73,,68
4447662a-bbdf-4d6d-b0c6-a40641b20c5f,9,Expedition,3092.92,69.92,,79
99db08df-b1d5-420e-983d-cd6fa8c88328,7,MX-5,2655.38,54.14,,73
006ee47c-5f8a-44cd-9857-3aeeaac56fff,6,Sonata,7101.94,34.17,,15
5f22097c-5a35-475f-ad83-3045419865e7,12,Grand Marquis,3313.87,76.15,,18
cf7d8328-5aea-450c-9e31-58378a8f83f5,9,Montero,3102.95,62.23,,16
cfb8211c-ec6f-472c-bb75-59b47b5c9dc4,14,Express 2500,5711.53,24.54,,61
72887cda-42cc-44d2-8144-0b985e65fba9,2,Gemini,8405.96,30.38,,66
68480634-c087-4f02-ba91-a6f3a9f9ecb9,6,Accord,1635.76,37.11,,63
a6223811-feba-46d2-977e-4a7402592ed9,14,Galant,7759.88,53.75,,16
4f717187-4d51-4427-a588-8254fe242925,2,Prizm,3831.81,25.2,,92
7bd5a408-3030-44a3-93a5-15f0612109bb,5,Grand Prix,9168.34,40.38,,11
8245adc4-f01e-4832-9d20-471423ac76ce,10,CL-Class,2768.27,41.47,,28
15091669-52ef-425c-8264-eda330c3d3a0,4,7 Series,1343.31,1.48,,50
4287db51-2cc3-480c-b2fc-04f6e63bc56d,3,Accord,1046.65,9.31,,38
64642241-24f3-41c3-a987-fd655d7d5671,8,Camry Hybrid,7977.75,81.51,,78
fc76580c-3b68-4d6a-b8d5-c1e0fb99f8f2,1,Pajero,6340.59,68.03,,35
2ea2fdc6-c700-4f6f-815f-991e43daf81b,12,S40,8933.5,9.69,,47
54f0b3ef-bf40-4b2d-8039-ae1b25b1bcb5,1,Mazda6 5-Door,8211.76,16.46,,70
ca48f134-d8d1-4df4-973d-cb7101d36487,11,Touareg,6000.49,66.13,,73
c11f5b72-a5d8-4f73-a195-5378c436c72b,5,Regency,9893.18,53.43,,13
78da9560-86c6-423e-97b3-321f1bc2b7c5,2,Outback,4283.62,28.79,,51
7c004993-a18d-49a0-a70d-035aff8145ec,5,Avenger,1042.77,13.33,,49
c4ef47a2-1502-4fc0-a44c-3362cc81cc40,6,Rio,9264.79,59.48,,88
ed2ea8b3-b85b-42d0-96ec-92cc632c16ac,10,S6,9450.91,57.48,,44
870273de-7a31-4a86-9fcf-99fbca245435,13,Explorer Sport Trac,1803.99,41.68,,31
acbd326f-8343-402f-a883-f2ca8f5d9795,9,Swift,3201.78,39.13,,32
e5abbddb-baea-4a10-b8e9-7145319e54ba,10,Envoy XL,8889.04,75.54,,76
689e7864-a13d-4327-a52d-490f1c31ffeb,5,Vibe,8983.97,1.01,,80
548213ce-57f2-4218-8092-88322c630485,14,Chariot,1423.85,81.58,,8
f00fafd4-5655-4cee-84f9-a70f20f98d13,9,Suburban 1500,9220.55,46.91,,73
9652f169-80e6-481e-8512-2314c5e24f67,4,Sonata,5509.32,11.87,,39
8dac4a57-0ae4-44a9-8b7f-805b3c9ac937,2,Sentra,2576.58,84.96,,16
e21968b7-4ea8-40b8-8174-d4499b50ab4f,10,Uplander,2076.48,41.88,,70
93e48abf-827e-4672-8c69-a531e53c955d,1,Land Cruiser,9298.55,29.92,,67
ef86b718-f3d9-4f97-993f-2068f5e18f1f,8,XG350,7506.7,73.51,,80
566d45a0-19cb-486f-a96d-281d562d7e20,6,Familia,4128.84,69.31,,85
7950195d-6d0e-49c2-9e60-60b6856961fc,2,riolet,5023.12,89.39,,93
7cd90221-e28f-46d2-8e81-61eed444bc45,8,500E,5637.81,46.3,,90
766bc6f9-fd8e-451f-a24a-d835423084a0,1,944,5266.43,3.44,,80
df73cd0a-e2a4-4c9f-93ce-e89c78bd473a,3,LS,3276.25,61.99,,5
d4ad6e3d-fcba-4164-8fa4-d10a27ae4c19,9,Cougar,2415.3,49.38,,69
b257ecc4-69ad-4b77-aa70-7f1cdfe772c8,1,X-Type,2759.34,30.47,,78
e0c281c1-2ebd-44dd-af6b-6fb9c3823989,10,Transit Connect,8314.87,23.48,,51
316390d3-81df-49bc-ba5f-a4ec209291f7,4,LX,7906.26,77.72,,51
4f82b031-afae-4234-8683-fe957fa6fb99,10,Armada,1572.56,84.94,,10
953f6801-fffc-41ad-9b7e-c19ea6e29aef,12,Yukon XL 1500,1300.06,56.35,,43
f4a9d778-f7b3-428b-9415-326eb954b469,5,Rapide,5517.51,54.83,,72
7434c988-9d89-4eda-ba60-06a3dd312e2b,1,Beretta,4678.4,81.61,,55
6ef0d86a-59aa-42eb-bfa8-26bc08b8cc6c,3,Diablo,7153.25,23.7,,16
f1c16d82-5d83-4cdc-bd7c-e8d79aab6231,5,Mirage,9290.52,94.52,,58
4921e0b9-6e68-4da8-a5d7-f00230bdcf87,9,98,5073.29,17.7,,95
8e4a1db3-41c5-43bb-bb97-cef00acf41ef,14,RAV4,8501.08,45.44,,19
497bab3b-70e0-4332-9da1-1020341c5b40,12,Riviera,8682.43,79.17,,66
ae562b1d-2610-4662-9bad-095bb6c8e419,8,Fox,6578.66,59.83,,10
8892c27d-2df1-4775-90e1-e42141836f97,7,Talon,4468.32,1.31,,38
03312111-1858-424c-8820-5bd28c50ab4b,1,S80,4599.83,72.28,,87
50bb8a4c-7826-49a7-a6f2-32af94e97daa,8,Tribeca,7481.03,82.13,,99
eaf82efe-348c-4298-bf42-9c8fa32670b4,12,Galant,2202.93,94.89,,78
da071f5d-8a7e-488e-acbd-5262b2835bed,4,Ram 2500,6623.44,19.11,,15
cdf233e0-f44c-4086-b51a-7ff296fd8622,11,Quest,9954.47,52.43,,86
92720c0a-9741-4b36-bfec-6896e9394026,6,SC,9487.05,30.34,,47
8b53ac6e-6b18-4c67-a94c-23360c88ef22,13,S-Series,3020.6,26.58,,46
3b7398f3-4cc9-422e-b7a5-2350711f5075,14,CL-Class,6984.83,69.48,,11
c0763a5e-c252-43b7-a3ad-02132bd6de38,11,FJ Cruiser,8599.76,65.46,,83
5cb9a6a9-c342-46c2-86c4-61de1fb616e0,6,200SX,3800.88,11.7,,72
83b42073-7b9a-4395-b196-0f7af65e1c88,12,Edge,3059.36,17.47,,29
793c826a-468d-4151-a5c7-6573ddcc609c,10,A4,9815.22,93.91,,86
16b54334-40e0-444a-b54a-a7301ad7a390,7,Cabriolet,4286.52,41.45,,77
1aee55ff-49b2-49f4-a3b2-c9edbc72fb46,11,S4,9071.34,11.84,,85
5e6fd602-1cc9-455c-9fe2-c13160b7cd07,14,Cherokee,2117.13,94.2,,15
7c8b54f9-28b8-438d-a3bb-615aed6bd26d,3,Caravan,8124.34,17.26,,86
6588a47a-7296-4153-a56d-fcd5b5de3038,9,Cayenne,8075.88,26.41,,28
8fb643a1-22bd-43f9-8ffe-2f05eca53854,13,Suburban 1500,9086.3,14.13,,73
eda9e9e6-f7cb-4815-95a7-adc6cc4ae8fa,11,Ascender,3674.26,67.96,,35
371f2c01-a0cb-4842-8158-7d0dcb58bd7e,11,Frontier,6547.55,56.9,,60
790e88dc-ae37-41df-a317-8c93f3006bb7,7,CTS,5080.51,17.07,,13
ce9d82d6-15fe-41fb-bbe6-799c778a59c8,14,Yukon,2407.22,96.48,,49
7223271c-92cb-46ef-81ae-54f51a233bd0,4,Optima,5686.52,97.62,,97
3eacbf6d-4756-48f2-97b9-7682e48ed1d2,4,Tahoe,5342.14,51.9,,58
316b86f5-3468-4f90-b45b-6db883ed82f6,6,Mustang,5257.72,40.28,,40
3e7765bb-7f64-4805-8db1-3e32e13d514e,11,Quest,9867.47,45.79,,66
6292c2b4-a446-494e-806e-17b183bd7ff9,3,riolet,3839.1,39.87,,20
28a9e65c-468d-49dc-b987-accc63e5b5bc,12,F-Series,5928.99,39.94,,87
464c75a7-d7ba-44e9-95c5-bf7e6d870657,5,Tracker,7784.92,36.78,,46
9f5fae51-469b-43e8-8a8b-0885b85c0100,14,Daewoo Lacetti,7157.32,1.12,,9
9b4244ab-92e9-4977-915b-89d8b73799af,3,Accord,2749.6,53.17,,93
b083d7e3-4f4d-4bad-bacf-8eb0f8f2d3c1,14,Talon,5443.69,24.32,,83
f5bb7f63-d603-41b6-8754-e6f9b48cc424,12,MR2,8921.03,36.7,,10
33283a52-6294-43a4-b4cd-21950db0088e,12,Sienna,3281.54,81.83,,67
903186b9-8a29-4b71-88e9-024f99f23895,7,FJ Cruiser,3059.36,53.62,,12
fddd5186-9b81-4a0c-8d80-565e261e95f7,7,Altima,8819.71,35.1,,61
f2257dd6-2a01-4967-932f-58040b3e4b08,1,Amigo,3715.26,68.85,,35
cb593fbc-1e74-44a6-af29-1bc559f41886,13,Eldorado,5387.71,54.26,,72
4e7f31f7-ebc8-49d5-ade4-0422732d46a4,5,G-Series G30,5378.9,14.42,,41
af79bc08-8585-4e21-8509-3ca326ac0e0a,12,GTO,4712.73,33.36,,15
361d7a8b-f4b4-4625-837f-997b079dd9f7,2,Murci√©lago,1478.43,21.58,,10
89f1d1cd-3cea-4022-ab3c-e416f1329eb0,10,Grand Caravan,6557.26,74.04,,73
c763912b-7734-4d59-861a-952e542463b5,6,Verano,7768.25,72.15,,62
0b872dcc-e440-4346-8d0d-dea0aaf5f4f5,13,Veloster,8399.67,87.9,,42
b2a3c968-1968-4e47-a003-65afcc1dafa8,9,B-Series,4230.42,53.34,,24
ece8374d-59f5-47aa-bfdf-159b9ac850ef,9,Sable,1714.84,64.98,,17
fb14aef1-c11c-4dcc-8aa4-9e7af9ae66a6,9,Escape,1635.13,43.84,,4
940d87f7-fe04-4571-96f0-545c1b64a623,2,Bonneville,8495.96,78.44,,6
67aebc2b-96cf-4869-9893-ab9146d460d0,9,Veloster,7695.12,6.62,,19
986b8169-b16c-4704-a17d-c1c4a643b284,5,CX,8736.48,22.71,,18
240c5767-8fb6-46e5-a2ff-ccdff3d4b3f0,12,Boxster,6977.93,86.56,,31
5cde29ce-e5cd-43a8-b22e-85a6dae6336f,5,745,4659.07,92.06,,17
dac9afd4-d69b-46d8-9481-6d463e626df6,3,Chariot,9573.53,43.74,,94
2634f862-b68b-40fe-8da9-6268df8e2be5,14,Sportvan G30,4202.43,18.19,,63
7358175d-a353-4109-8a62-86c9e589702d,9,Impreza,2889.33,70.97,,30
e6d11a7c-527d-4cac-9504-2a0a1afedfc3,12,Impala,5517.23,32.58,,32
72b7f4a5-c6f5-41ba-9622-a77d625e6f7d,6,Explorer,7457.35,19.75,,23
1b3c03e6-d8ac-4508-86bb-ba8440598f41,3,Expedition EL,1896.63,8.89,,19
b0db6c6c-5818-4139-aa0f-8398d324675c,14,Fox,7812.32,77.92,,32
816d5e23-890e-436b-82e6-14216bb3a020,6,Discovery Series II,1551.48,20.08,,46
b833a128-5dc9-4737-9679-2ca9fea1aa8f,2,Pathfinder,2596.31,12.3,,9
50d8d1bc-fbe4-4b6d-a41e-db0b5a0aadad,10,MINI,7074.47,1.24,,31
b7f4347d-9a06-456f-9f93-4ff4274091a5,8,XF,3124.13,52.07,,93
c39b568b-116f-422e-b2e7-89d5c2a641cf,1,XK,3146.7,89.16,,54
97d8d42f-d67c-4916-8323-74f082cf4658,13,Carens,1213.14,64.6,,7
c5eb8f6b-590b-4ecd-9fa8-3c4371c03ea9,6,GranTurismo,5199.73,60.15,,86
66701422-1617-4fc5-9a0c-0be1f6178c45,5,Tracker,4810.98,79.51,,45
dd88bc3c-2b4c-456f-af6b-f31289b49d88,12,F-350 Super Duty,5461.46,40.32,,45
afbedc2a-6dee-4c4c-b177-cb80163f646c,1,S2000,5419.7,89.07,,63
a0a36d7d-e2f7-4a4f-8bdb-df939d1bfa8f,13,Liberty,7326.76,86.73,,94
9c36712d-af02-47c6-9c74-c543a1ea20d9,1,Vibe,7498.75,13.26,,62
2d5717f0-1e78-422c-a06d-26a83094057f,14,SC,7173.55,62.45,,32
75c58699-4d16-4ab3-8612-9d922ab660d5,9,A6,8267.87,18.56,,11
87e1943b-c5bf-4be2-90f3-7aa15feb5a48,4,960,6764.43,2.42,,65
3878f0a7-c1d2-4586-aca1-c7cd7af76a4a,10,Ram 1500,8246.61,2.14,,14
ab05416b-2ee1-4b67-8b99-53eb2c071187,1,Prius,9156.47,91.32,,53
1aeb04af-bdca-44cc-b803-a27191936edd,8,Galant,9999.99,90.43,,66
86f41687-b451-49c6-8f19-e4aa76cf7416,4,Mazda6 Sport,1427.94,15.7,,66
792a6bae-973c-49a2-a81b-f70c9a0e455e,7,A5,7202.64,87.69,,41
2b178278-cd63-4ff3-908a-7071cc60042f,12,Spider,1764.05,31.96,,13
03a4e7f8-ecfd-4d48-a536-56916ea05ac4,5,Ranger,9642.12,31.58,,4
3312b827-7ee0-4a9d-8bfe-e44d1b40fa69,14,Discovery,7528.69,42.18,,26
58308cd7-a7a8-4207-8ae6-87e1ce72638c,8,3000GT,1210.68,40.66,,39
fd224fe3-21b1-4b69-820a-0a0e8bd1ad2b,10,Contour,1381.18,20.02,,95
09e84e60-e6e9-49c3-9038-b2fa3df23b5f,8,Camry,4250.58,22.42,,59
bf7fb57c-9640-4293-bbb8-cebd87294895,9,Zephyr,7991.27,18.61,,38
6547bcd6-e78b-481c-b082-fc1f346b504b,6,LS,9131.21,93.62,,93
879095d1-d78d-4b3e-adf0-8a3e86e124ba,11,B-Series,8101.16,5.26,,12
093c133f-a81b-4802-9b88-9ebf218bc0be,6,Sonata,8927.49,42.38,,75
0e9883b0-b308-4562-bd73-08dde073b4d6,14,80,4940.9,65.87,,23
a184c3e3-45e3-4814-88b4-fe166ac2e00c,6,Astro,4567.76,26.44,,24
f8c8dec9-ad14-42c1-ba8d-41624fb15858,5,7 Series,3115.44,90.92,,12
2d57987c-c1e9-440a-b978-2ed4f109dcfc,7,TL,8669.46,97.47,,43
22135e54-33fe-4481-933d-71e0de4fd55e,7,Sonoma,4718.84,84.58,,21
5287b0fc-73b4-43fa-b3c9-84eba0f48c3d,9,928,2634.52,45.0,,33
72a76a35-0278-4fe1-a48b-5e647ff36296,14,Daewoo Kalos,3945.11,96.16,,37
9b82156f-32ea-458f-b10a-6c30c4b261dd,4,2e,3841.05,44.23,,3
3f9102a1-792d-4244-a260-bfc638701854,6,Escort,9325.57,32.37,,18
4bfe26e4-1c74-430b-85b9-fe5ac0920d1c,6,9-7X,2246.26,51.99,,69
a100914a-a582-40b6-9863-087d47223330,6,Expedition,1433.66,17.94,,86
2cf364ae-3fe9-4638-9ec5-8ae889808bb6,11,Escalade EXT,7453.56,29.15,,79
cfa2dbb5-4df8-410d-ba0e-f7f3b20fc160,1,LS Hybrid,9669.99,18.44,,25
3ffa20f6-ee5b-4a49-8b9f-d38175e6cb0b,6,Metro,4614.51,27.84,,69
ea0d1728-9797-4747-869e-1ba069093354,10,MKS,2505.02,1.04,,18
34549212-587f-49e7-b605-8e0b22129bdd,10,Sedona,5327.66,66.24,,93
1969c424-19af-489f-b25f-23dedc061f70,11,Corvette,9250.38,76.46,,53
9d75fe4a-fe8d-4ee3-ad0c-37deca07bf5d,1,V8 Vantage S,1809.27,68.94,,61
5b582db7-a105-45c7-bc95-183a4902028b,8,Frontier,3906.8,16.54,,41
f20f0c5d-69cd-4faf-8322-4085a8e1192a,11,Escort,5605.88,93.26,,37
712326d8-1fab-4856-806b-bf9a9f0bf06d,3,RAV4,6420.97,6.19,,20
986c258d-f11d-4210-b84c-a0a09999d4a1,9,RX-8,8788.55,14.3,,29
6f103a25-0e62-41eb-a0e0-8bc54476a749,10,Sierra 3500,8245.73,10.96,,45
bbe86ef1-67ec-4041-994a-a2bb8d347da7,11,Suburban 1500,3686.73,77.88,,14
de02bba4-1068-4964-aba2-bbfa9eab1deb,6,CLK-Class,7126.08,80.8,,53
6f8cf6bd-a6d6-49ba-a2f5-3c682335adac,13,RX-8,2790.23,25.3,,32
2e6a8c12-093c-47ab-bf77-025258dc22b5,4,Rodeo,4273.19,16.45,,39
4cae3d59-2ba4-4847-8a45-3d845454fdde,9,Loyale,2636.68,67.28,,8
770d14e1-e83e-49cb-966a-28f03aa3bfa2,13,500SL,1354.28,36.47,,58
4bf199ab-ac96-4f3b-9710-052d431e583d,6,Santa Fe,4454.69,61.26,,50
57b0d65f-d9a5-4808-940f-ef324267265d,4,ES,8519.1,46.86,,94
a79dead8-fc77-40ec-9ef2-10010e9a988a,4,E-Series,2363.71,46.09,,84
a340f0e4-adfe-4019-a6ee-306112d16aea,6,Silhouette,3263.81,5.01,,43
1d5943db-8dca-4862-82e8-5b004e92c94f,4,F150,9180.26,96.92,,41
5da4a482-be71-4e6d-98a3-0c6fba048c3d,2,62,6063.95,41.94,,54
028a1839-021e-49d6-90c6-b44a0c7adb9a,13,Town Car,5350.96,9.54,,7
16805667-5eb2-4362-9235-995bbd5d5781,10,Alcyone SVX,9575.39,52.6,,12
c699f08c-7ab8-4885-bfca-7806dfd28c1c,12,Prius,1435.03,4.8,,32
733d5cd4-6979-479c-b979-8bf3faaa38ee,9,B-Series Plus,2265.82,61.04,,81
5e8342f4-906d-40b0-bdad-5a2cbd878d3d,9,Legend,7295.15,37.12,,35
483200db-c5f0-441f-ac68-79f4044e30be,8,RX-7,2598.9,5.87,,22
1a92f0d4-229e-45d2-9fc8-53b625e724c2,3,Eclipse,1353.11,94.66,,40
0e6e52dd-a90d-4c3b-88cf-c0a98578e93c,13,RAV4,3197.61,13.85,,39
27fc3462-fc02-40b0-9e07-615854e39cfa,7,4Runner,2015.23,30.8,,33
689d8172-ad3e-4cea-8717-a82f6cbf5250,2,Forester,1679.45,36.9,,74
0512c66b-541e-4607-b8c8-01ecba4255b2,4,HED-5,2691.66,92.11,,71
77b9d049-2167-4195-ad98-2b5bb012ee88,12,Navigator,4519.77,2.19,,6
ac44ce93-984d-4db6-b274-bccf3376a32a,14,Ramcharger,6574.3,22.71,,53
fb90b26d-fde8-470a-891e-c8d439ff824b,13,Spirit,1723.64,65.44,,10
e59490ac-02c8-472e-80ea-52c66d903a7b,3,LeMans,3123.76,3.67,,85
ef26f7b2-c4a9-4164-b09e-444269f0cb80,14,Canyon,8068.97,97.79,,73
24e800c6-ba62-46b6-8aa5-b7d99c2012d1,9,Impala,6231.73,84.43,,96
50fc9da2-b374-401c-b460-edf5d173f9df,11,Caprice,6945.88,20.33,,17
98366442-b15f-4c65-8998-96cda019c046,4,RAV4,6174.79,89.31,,37
9f58d4f2-6237-44bc-8f50-bd506d2ececd,5,SLX,8277.02,94.44,,20
fa8395bb-9b47-4369-b7b7-9c9b544da739,13,TSX,2571.95,15.03,,66
c7de70c2-0baa-4439-9324-dba8f64be2c9,4,GTI,2784.04,86.84,,93
61b8abc8-43c7-4950-8def-36c7b3e76bf2,8,Ram 3500,5598.99,77.82,,2
087fcdfe-58b8-426f-a550-e792f5ff5268,11,Z3,9297.55,25.4,,97
c3f5d4dc-5977-4b58-a249-c9edbca8c626,11,911,2630.47,85.2,,70
efb82057-b3a6-4c95-b642-0b050df59ffe,14,S10,3366.46,26.73,,1
ad9c1196-3d46-4309-b76e-c0df1a1dd898,13,Quest,5097.98,34.5,,74
adf3e05b-ec39-4c12-8319-fc3c82b0feef,2,Accent,6961.61,43.21,,100
c47efe5b-6e81-4af1-8999-87d99890f0f3,11,3500 Club Coupe,1340.49,45.94,,99
fd64b8b7-91e7-442b-885f-f5dc62a16f85,3,Precis,7231.06,69.25,,51
a1138da7-f47b-4172-9440-be50fc694ffb,1,Sedona,3442.95,73.61,,44
ea8cd9a1-7e4c-42d8-9a8d-a33d491f2fad,5,Cougar,9656.91,36.83,,2
e85f99a4-bbe3-4198-9538-bf12f75c2c19,7,Thunderbird,7537.81,96.8,,43
793c3983-5ed1-4035-9ae7-db62decd741e,2,Corolla,4056.04,68.88,,51
b4fa8df4-ab6d-4815-b6c1-179d802c531b,1,GTI,1603.95,29.86,,62
1199efb9-1c36-4e59-932f-1362b595f782,9,TT,3731.77,98.17,,42
3316f668-519e-41c2-af70-bfea6e8c14b4,9,Mazda3,6641.66,81.01,,51
4902ba32-f94d-4897-b8e9-106f15557654,12,Passat,8364.52,23.98,,9
327b50cb-05e7-4d32-9020-e5ab70af1789,4,S10,5721.61,31.11,,37
f2c12476-577d-4d0d-ae37-58f4f9791fb9,12,TrailBlazer,2505.81,18.86,,62
447ae331-2499-436c-908e-1b4c8c064aac,4,D150 Club,8769.19,53.47,,22
5147c2d2-9e8e-4b63-abff-adeb264a59a1,12,Silhouette,8313.74,24.22,,25
ec057b97-d145-4904-985f-72363a3706b5,9,Coupe,5574.37,45.57,,85
3b200611-52ac-4f05-8b80-1b7db1f6d146,5,Malibu,2506.63,13.33,,90
52d0d431-1449-4f53-a4a0-a609ad0999d5,14,Discovery,1742.39,78.96,,38
b52120f6-27e4-43e6-930e-262b3de4cfe3,6,F350,8960.44,21.62,,20
dab21df2-508b-4df7-8f0d-7f921016b6e8,9,Land Cruiser,7014.27,64.57,,11
cb52080d-d848-4f2e-8dc2-569b5b7e2eb4,12,RAV4,6777.34,96.58,,23
43345ba0-aa63-41c2-be4a-6556dec7552b,9,DTS,6989.5,8.72,,75
41f6030d-25ed-428c-857a-268419b4f20c,8,Crown Victoria,4676.15,34.75,,77
62cc523a-3a5c-4a4e-8c34-62d9fa854dec,2,RX-8,6052.29,49.89,,77
fe3ae2df-b392-4415-a339-c31e6974e227,5,STS,9698.43,7.26,,67
37fc613c-0873-479f-ab27-d632949f1c33,4,Acadia,5448.79,63.27,,28
df254a9b-f459-4d62-80b1-419f8a2648b8,6,Envoy XL,1242.4,9.28,,88
cba71a26-0c93-4285-995f-fe3b41e300fa,9,Golf III,7302.3,18.33,,23
820c12bd-1c37-4f61-90e5-27b860a67891,10,A6,4743.82,4.22,,4
40341342-e4c6-486d-8141-2b0c01a1ce96,8,Ram 1500 Club,8194.03,43.94,,95
b44da942-be2d-4502-a030-998f5c1eb0c6,14,Tempo,3779.62,90.1,,87
0dfe7d93-4c2b-46a4-882b-26906b1c68f1,14,EX,5015.19,58.55,,34
ad16cad9-61e2-4b2b-854f-3d7bc4bc1477,2,Titan,6064.3,97.6,,3
a7fd312b-ea0e-434e-909e-c42ef8f1ee8e,12,911,7976.83,12.07,,15
f8eebacc-d67b-416c-9a2a-3cad1a0c3116,14,LeSabre,8887.34,26.82,,62
e0c2f05d-dd99-4978-8852-5673b8de6f01,11,Venture,3573.17,56.85,,59
f9d744da-c55b-43ef-b8b1-2012ed50278e,3,Legend,4121.06,1.54,,15
f4785eae-1bde-4d60-8f4f-d2f1f832e179,14,Starion,8515.29,31.64,,71
cb4ba761-eb90-4a62-8ba6-b2dc8fd811e3,13,Elise,4654.62,76.75,,93
43b75075-d424-4adf-98f7-239e67474489,1,Coachbuilder,6925.2,67.29,,96
15d61b44-026a-4019-b175-7d9ada80dabc,13,GTI,2026.9,2.85,,19
5fce919d-4447-41eb-9953-19333c3c0834,14,E-Series,6760.76,84.16,,4
be3cc7bf-af6b-41b4-9bf5-8d62abac2e8d,14,Capri,7270.0,97.58,,79
1432655c-07c1-4e3c-ae2d-b9a1ea2f8f4c,5,Esprit,5023.03,34.45,,80
b3800b6f-f5dd-4c54-a05a-1e8d29ed95de,8,Galant,6607.23,8.24,,47
94704ce6-2c90-4b0e-ada4-a085b82aa509,8,Maxima,7098.67,31.17,,2
c5dbf605-00fc-4362-87f5-093d92a6d6d0,3,960,2981.36,11.3,,36
6c44b3a7-6149-4efa-9667-1e380d78a138,8,Xterra,8669.97,15.41,,85
eba2ebbc-5a10-4ffe-9bc1-9de079ffbb00,10,Hemisfear,7453.2,94.5,,70
24cdb508-ab5b-486e-98f2-29a1864c6c76,5,944,1971.19,97.2,,87
b09b70f1-c50a-4bd9-aad4-4023f137107e,5,S-Class,6022.42,69.57,,56
24c4cb63-5aeb-4a72-b13c-5f64380ac36a,6,Pathfinder,1920.11,76.33,,52
b5b16b01-d3ff-4c26-98a0-34cce046e4d2,6,Sunbird,1968.47,87.29,,83
57b8356e-d7df-4b2f-b0d5-5eacf2183efe,8,M5,5519.55,34.09,,96
07a5294f-662c-48a7-9791-9a5e48ead049,9,Five Hundred,3475.18,35.07,,35
23b1ccf0-b11f-4934-8621-d4cdb3bd6a9a,14,A5,5949.22,18.87,,83
d84899cc-8352-47da-9652-205042ddad08,12,F-Series,3998.83,62.52,,10
c909d92c-be63-483b-b250-e5712642094b,14,Grand Prix,5787.69,44.13,,27
5253890e-b419-4e90-a4e8-abcd20ffd842,14,Camry,4664.32,2.43,,27
ad3f0948-3b55-4191-b2b4-efc14aa2e10a,10,DB9,4685.84,29.05,,57
49754df6-caf2-462b-99ba-803ddd86c6de,8,CL-Class,8910.61,73.41,,77
e49fe7f3-38a3-4cfc-8388-c35d414ee9f3,2,S-Class,4904.48,47.03,,59
6ef10ad6-6c15-4d4d-b063-92e9d6cbe144,6,DBS,1286.54,46.05,,46
5725ecac-b3c5-4c6e-bf31-7dff0a59e7a6,11,B2600,8115.28,46.2,,88
8b613268-1044-444a-8dd4-6e21cdb92d3e,6,Prius Plug-in Hybrid,4137.55,31.41,,100
bc5edadb-bc45-4e4e-a76c-d4bdc7d99049,6,Explorer,7616.66,2.61,,73
4fdd5b22-c385-4d32-ae63-030861b8fcd8,5,W201,6535.87,47.89,,93
db0c5fed-d825-42f9-bace-fe8fb99887f9,11,Boxster,4522.32,78.06,"""'""'""''''""",23
33412a53-eac6-499c-bed8-9365c884b303,13,riolet,5064.82,48.95,,73
e3fbad65-a751-4cfa-95ee-d1dbae418e23,1,A8,3289.25,44.05,,10
10ae34a2-c370-4d08-93cc-0202139106c5,6,Brat,7274.27,29.42,,55
613b1558-0fe4-4d2c-a2b6-ec2e86f105bd,11,S8,8237.76,69.74,,14
e42bb4e7-d794-4c47-b185-212948dff72b,5,RL,2143.7,77.85,,7
d9565e92-5fad-4571-b159-9457449b3e5f,6,3000GT,2587.5,76.39,,40
9f08bd02-15ed-46a2-a9e1-880301cf36a1,8,928,5396.82,63.0,,60
cf3dfc91-e961-4dea-8084-86c7e93f7694,6,Swift,9667.95,23.96,,19
40386b85-6a7e-46cd-85cd-c809d2d15a7e,7,Navigator,9737.31,80.48,,17
270e2ec4-65ed-4ee8-8d17-a7ab476674a0,10,Millenia,9792.16,6.37,,40
7861f907-8e2d-45c1-8b86-f691e3f14131,13,S40,2525.28,9.79,,37
8fcdf658-3937-4f26-9dce-c386de6d6dda,13,Civic,8046.57,22.77,,68
ea69d998-7f6a-4630-ab6b-68acadaa315a,2,Crown Victoria,1070.62,13.9,,8
cf8f2a4d-e213-47ec-a102-0f40b71ecc44,2,F250,9388.28,66.57,,69
4415d269-7cd6-4585-bf64-4bc987a39307,11,Truck,5480.21,42.57,,51
8ca1f60b-0d7b-419d-9345-0ac24bd73c47,3,TundraMax,6391.53,81.51,,56
742aae9d-2d3c-4db3-88d2-6df3806b4b55,11,Verona,1076.58,4.66,,81
589d1ea8-b116-4a1f-ae32-a590345ca321,1,Express 3500,5147.87,5.84,,66
54521ecd-6d32-4c7f-8417-4510e53c2029,7,Legacy,8477.97,69.08,,19
96f40ccd-1e93-4dfe-aa20-dc1fa8be386d,9,2500,4673.96,5.99,,48
08ea51b1-046d-4d17-926c-d41fca870ca0,11,Traverse,9191.02,78.97,,40
2ae26d93-9778-4868-b2e9-ac07cec507f1,10,Pilot,3334.73,11.17,,77
9c1bde0d-ddef-47ed-a86a-12c815dbde04,3,330,5743.6,35.62,,50
b96f23d4-1658-419e-b0a8-159bbcca9e8c,11,Sonata,4254.31,31.98,,25
e21655c4-2b18-46e1-8781-b04b2c164ef2,7,Civic Si,9840.77,81.97,,53
6c8b36f9-9421-4609-9079-59feaa779b2d,9,CX,4198.34,13.56,,100
29f17586-9f99-4bd2-8f51-2b32b55f2331,1,Town & Country,1768.52,73.18,,62
ba640292-3f0f-4762-9b14-f77523286b9a,13,Legacy,1041.62,56.61,,26
d60acddd-36c7-403b-bbc0-b057f61ff895,1,Equator,5875.74,25.66,,63
6524b7e5-4b08-46fe-9c32-5ee06eb6adc6,13,7 Series,3221.57,26.72,,50
b0866a00-cd26-4e2f-8f18-1f67f5bfea16,11,Insight,1573.82,75.51,,97
511d4a0a-8c99-4659-9dec-df3d67385562,14,Sonata,9392.65,3.2,,33
f682997c-5b9c-4b4a-bac7-1321840d0075,14,G-Series G10,9897.16,68.34,,97
a5b2b864-bf98-44b2-a58a-e8462dd6353d,13,Venza,7361.28,55.15,,97
9d31545d-19c4-4189-84f7-af171347b9e2,10,Sundance,9392.5,96.33,,96
b29c287a-3aea-459c-bd7e-d35aade0fbb3,2,Blazer,2099.45,32.83,,8
2db9ae2f-8046-4ff8-92ff-5d5a09732193,13,4Runner,8747.85,18.94,,60
f6e734b5-c857-4bf1-9db9-5e07f8473684,10,Sprinter,6753.24,92.49,,40
9828773c-18a6-4d6d-aa22-11c135397b19,6,Eclipse,3763.02,85.15,,73
d44aa4ac-e79e-4ac0-9e68-a6b3ccad3724,2,Aveo,7379.16,85.79,,87
4a86e934-efb1-4b08-8f1b-68af4d5b2adf,2,3 Series,9582.74,38.58,,34
81200b13-0197-4040-a40a-8124dc8ef3b1,6,S60,2572.03,15.84,,90
1fa810be-fb31-4109-a856-e1738bc15353,10,CTS,8265.5,71.71,,35
6e9bfd91-419d-4520-ae35-379913d6e808,8,E-Class,9845.03,75.46,,71
77ee885e-9be7-4d8d-8731-c439484b30e3,8,X6,1427.22,76.53,,39
638e9870-97eb-4e6d-bfa5-e93bb6f1cce8,12,SC,8738.45,40.14,,72
65a809af-776e-4bba-97cb-e8132a1090ef,12,Focus,5470.1,9.26,,46
713973fa-5765-4db3-8664-6786da0d3919,5,Safari,7204.87,23.05,,79
cbaf12ed-1667-4919-81ed-4c3197f4d244,6,Outback,9916.64,67.74,,23
9ae5436f-9d36-411c-b012-d7a800939afe,6,Vandura 2500,7218.69,81.07,,46
f955dff9-bd1b-4100-9f6b-83248299d71c,14,Diamante,3246.01,73.34,,43
27db5023-2435-4596-916e-1616a7751a11,10,NSX,5057.89,52.35,,31
ec621541-5414-4001-bf4a-778be49987f4,13,Alpina B7,6291.61,91.95,1'; DROP TABLE users--,16
0fe68496-a662-4c8d-9da0-8838ea913c12,11,Avalanche 2500,3105.95,99.28,,58
35605f0f-7b86-40ef-a040-a8ed53cec606,11,57S,6340.58,42.88,,49
1aa69cbc-38d9-4c4a-a9aa-fe4a4af2c081,11,Magnum,2586.92,92.05,,38
16e323fb-b992-4129-b0d4-22d2b81d7ba7,4,Pajero,7260.98,4.24,,67
58ff6f7c-298a-49fd-b1ce-40be3f43675b,7,MX-6,2572.47,46.11,,7
32587d2c-f361-4098-a3a7-f19f260d9f96,11,Samurai,2256.35,66.38,,88
bb0140d7-d7d0-4b20-b935-5b578141d87f,3,911,2345.79,69.12,,46
3db66c2f-c576-4443-9e2b-fcd3732e6942,4,Roadrunner,9484.36,16.99,,81
e91d91f7-9994-4ee5-8f50-8a856b49624c,9,IPL G,8053.08,72.94,,37
70da2a24-39b9-46bb-a480-ad1dc6f5228c,7,F-Series,8169.39,8.18,,9
ba6c73c6-6410-4ddb-a573-a10cc74c0cc3,9,CX-7,7483.01,46.65,,83
6c9760ec-1456-4239-959b-47db0463e532,4,100,5195.38,50.82,,11
2bf3c032-2521-4665-9d29-795441f3fad8,9,Coachbuilder,9850.3,63.49,,16
92d517b0-59ba-4225-96d8-a50dc6b67f8e,10,Terraza,8898.19,78.46,,5
afc8e849-ed8c-487e-886b-b0e7b24fefac,4,Tracker,4432.9,83.87,,59
bdfb4c61-aab3-4c30-b1a9-acb9ae7a6f3d,2,rio,3922.59,32.1,,31
1ef96138-eeb4-4db3-b4a0-51279a2df5ab,10,Prowler,9015.33,18.66,,89
61abbe4b-5ca4-4ca8-840e-3184d4efdada,13,Aerio,6298.93,50.7,,61
3c6aab5d-fc30-4239-a571-72e8dae31cd0,1,Camry,9050.8,6.62,,11
d67e263c-fde4-4262-9b49-6c0179020681,11,Grand Caravan,9823.17,12.79,,71
6c301635-6c6c-460d-bd94-810ed5295ba7,12,Q,9851.57,35.82,,76
c700faf4-99e7-45ba-8bfa-f9bf081bb221,2,Cayenne,5625.97,11.53,,34
ba5dad93-6b34-4bfd-9e3b-75255e52e0df,1,XC90,9269.15,18.23,,73
971b4ebf-1d4f-4452-bb2b-65089eb1281e,1,Sunfire,8797.72,95.42,",./;'[]\-=",50
83733e78-d43f-4174-b0e1-f59990756982,12,Focus,6743.93,55.99,,80
5753ada5-c879-42c7-8356-b5a183cec988,4,Cabriolet,1603.5,90.2,,83
dccdcab8-6001-4169-b00e-96a884dc0194,11,Sierra Denali,7154.79,49.16,,73
9636e63f-6428-475f-9e24-4d2a64b5c07a,11,Continental,1883.03,63.81,,34
9fe27aa8-7681-4e76-a1f9-3ef2a6859a2d,7,Ram 1500,8576.58,93.16,,63
772e4200-b600-4ae8-8294-d9af8457b118,7,Esprit,7658.62,4.72,,56
d2922af1-631d-4cf6-a2fc-60f064c6deb4,2,Fit,9655.29,25.05,,87
4e23e809-4a8e-437f-ab8f-1e4f23808637,4,RSX,8093.96,12.02,,58
907f8c11-bd8c-4214-a247-f51c48f3976a,10,SLX,4516.82,67.13,,81
78b0b1b2-134c-46c7-98ad-a3b3ad615e02,14,Esperante,9605.13,46.94,,10
fce3946d-eec3-4506-b32a-c22028d87b29,3,Colorado,1577.64,59.32,,93
6087af13-68e7-4426-841e-8ab40b0c5060,2,Suburban 1500,8507.29,1.41,,33
3cb546c5-7703-4eaa-9bfd-fa7cecabbf7f,8,Prizm,9631.84,79.29,,56
b3637b2d-b1df-4f7a-aa31-63c5272ec075,1,Avalanche,9994.06,26.47,,22
0292764e-2364-401f-b6e3-ef89dec84f19,8,TL,5485.92,33.07,,5
ce13b844-2955-4287-a096-69e6c4c55acc,4,Sonoma,3249.02,90.31,,62
aa7607cd-a1a5-42fa-9a88-ef767aa3f0eb,4,Festiva,6350.37,62.74,,97
acf19c0e-870b-48dd-ad60-a5c946e81845,11,Continental,9748.41,34.21,,61
5da83933-2efb-4787-9f81-179ba0882d18,2,Malibu,9159.69,4.83,,95
048f286e-2604-40cd-b72e-44f0f6e8b2bf,11,Corolla,8593.59,99.33,,2
c9bcd1ac-aa1d-4234-884a-e559b5df699a,7,STS,5991.36,44.1,,66
b12cd25f-8038-4dd5-a9fa-4b1863faa693,8,Tahoe,6676.14,51.63,,19
cce54b36-605b-4da6-8394-227e300db4ca,5,62,5143.93,88.64,,35
8a70182d-c3de-48e4-9b14-2d52e37b003a,8,Escalade,4497.65,72.76,,28
d94230d8-2dea-429e-8cc2-f13c2ba4c741,8,6000,6913.37,21.59,,72
262e4cee-91ce-4962-85b8-106cd5a007b8,3,Truck Xtracab SR5,5674.69,73.92,,39
031237f5-6479-4e5a-9193-72d67df0e646,9,Ram Van 3500,7441.57,62.98,,1
f13922de-fffe-46dc-a1a8-927a35360eb5,4,Contour,2574.72,24.77,,47
77cb8428-2c17-437b-8273-7a1798cd4829,9,E350,7905.7,82.31,,55
084cf463-845a-4437-974b-c59de85c8d14,14,Camry,8627.71,39.78,,25
60e5d738-2fb7-4e07-9816-46eb3c5e729d,7,Durango,1759.29,38.68,,69
04da10dc-ceaf-4d70-8a8c-31bfc8e2c882,9,Terraza,4827.39,70.24,,27
c4ccfdcb-fff0-44f3-8e6c-2482ffac5d3b,4,F-250 Super Duty,7283.99,38.2,,29
4d709861-0f09-4f9d-b3e8-0f2bcf627fe1,10,Talon,8039.6,89.9,,90
ae94c773-1701-463d-8b55-3b1f21f8eb3c,10,Type 2,3310.77,75.77,,29
57446e2a-29a2-44e0-8aca-58ffd062f4d2,11,C70,6946.61,90.78,,6
c1dc95cc-2c60-400a-af05-867126704505,14,Elantra,2976.2,61.47,,60
e48bdd1d-0128-4825-aed8-808d2c1300ee,14,90,4660.28,6.51,,53
5c906c50-db72-4e38-b03b-657cc1468eba,6,RX-7,7222.62,81.99,,84
9970815a-56d5-4bea-bd22-b015e9974027,13,ES,3687.68,57.03,,90
c4bcf08f-b08e-4261-8e3b-f1d512827b4f,9,Grand Voyager,3799.78,74.82,,98
0a003a63-d559-4cc9-87a7-257329278e8c,5,Sportvan G20,7132.85,27.73,,17
3daa683b-8f23-4d14-b962-1012008dd9d7,12,Genesis Coupe,5138.35,26.27,,84
245995a7-8129-4ed0-ab9a-4caf503697a7,4,Z8,1358.7,69.88,,77
9bbf9e7d-6060-4023-ba55-281692fd55af,1,F350,7703.54,33.57,,36
8a0ee53a-e0f1-4e5a-8b2b-1ee1fee07513,9,SLK-Class,4758.1,20.22,,79
50469737-8fe4-423b-acc5-2b34af7d9e77,2,CLK-Class,9901.34,76.53,,1
4e7da201-7e01-43a1-8459-bb9dffb47c1b,10,SSR,3590.24,41.37,,63
82c5f106-abec-42fb-9734-de05cceb3404,5,Sorento,2515.05,42.94,,21
c257df93-9bfe-49eb-8d35-23f61e8a90d2,4,940,6374.8,53.02,,47
a6bc90bd-ddf5-4a01-a319-fb87efac5d9d,14,riolet,4447.83,4.26,,84
76704b4a-8923-41c2-a34a-22fabd3c705d,6,riolet,1307.06,2.62,,30
a6909ef2-3870-4219-a97f-c9f47c496dbe,6,Countach,3036.4,50.4,,96
28c22374-97e5-489c-9b95-214faf4235f8,1,Alcyone SVX,2650.03,27.85,,39
2af9d94a-87c7-40ea-9265-3c5d1181eaed,5,525,9533.16,27.23,,95
4ed33821-4457-40d4-9bc0-8830c15c86d9,2,Galant,7704.0,95.81,,18
630520fc-70fd-4c08-b2bb-48938273ab77,11,Genesis,4268.56,51.17,,21
bc956e44-3b25-41e4-a6e3-06b4cb072e15,12,Aztek,6008.8,29.35,,99
96f7af90-fb77-4994-a675-dc9e7bb5cf78,12,E150,1895.95,11.2,,12
6a443bb2-dbd2-4437-9464-10c709b89c85,8,Savana 3500,4602.59,5.74,,53
431435c0-1e4a-4bc9-955d-17cd10008a14,1,Camaro,1228.64,37.39,,83
be9c6594-191e-4554-b248-3bc9ec5fe750,12,Corvette,6193.56,79.3,,33
efc29408-4ac8-45ab-bb1c-faefde2143ee,1,rio,3055.43,70.76,,47
2d7f9161-70b9-4876-b952-751e293fb5a7,6,Yukon Denali,5230.2,31.38,,84
5b8b8f3f-cf82-4a62-a205-9de3cd926147,2,Grand Am,7179.3,64.8,,5
cfc0d11d-8dee-4a77-96a7-c100577ce88e,9,Escort,6792.21,99.99,,4
45a52004-2d4d-4790-8efa-08dfffbccf26,6,Jetta,1957.36,93.27,,60
5707130a-bab1-4bd5-9b1e-8046ac0a635b,13,600,3284.3,43.78,,14
5f218e48-0fb4-48bb-b5f6-cf782342f09e,12,Viper,2193.39,33.92,,13
decb4ddd-39fc-4ed5-98d4-403026350560,4,164,3936.51,92.32,,7
e2eedd4b-7a8a-4759-92c0-929a5fcaeaed,2,MR2,6953.97,35.46,,74
52a90027-46a9-4dec-8f44-98d6e4d332ff,1,Golf,9915.08,59.54,,49
58ffec83-22fa-4647-9342-7ed283da47ce,7,C-Class,4065.04,42.31,,44
d9583aab-09d8-460c-bb84-02b9a4e064b4,12,Accord,3800.42,55.14,,57
3c4ae193-7138-49a8-8269-c92d8e1c8cd2,9,Scirocco,4438.32,1.9,,91
74c2e512-aa9c-48bb-a833-91ef0d568c9d,10,G25,9032.9,62.31,,18
d8ab9a03-b830-44ab-89c1-988a7f58c51b,4,Dakota Club,2593.81,28.36,,38
4369c950-e29a-4d09-b877-df679580dc1f,11,Outback,3226.08,31.96,,42
2a401bcf-bed9-44b2-a78b-d45859a9d352,12,Edge,3631.47,2.94,ÂíåË£ΩÊº¢Ë™û,66
2294dbfd-b605-4e96-a80a-e018cfdc7318,5,Storm,4037.28,70.17,,10
b0df18d0-13f0-4953-a38c-ad6d95cad8a1,10,Navigator,5666.75,45.3,,46
c9ff6b72-d6fd-4870-b164-8cc0f6b803de,14,Uplander,2571.95,1.7,,27
79d71164-db7c-45b9-84dc-06a10596eea2,13,CX-7,2759.67,29.3,,21
2f2db0ee-03a1-48fa-b4f0-172c978a5f88,1,7 Series,5733.77,97.34,,40
fe42b980-5831-4342-a343-9b88d08de503,10,Tracer,5088.66,21.91,,72
52bd8f92-6114-403e-b114-3a3e351650c9,2,Silverado 2500,4798.83,92.02,,60
92c7c6a9-36fc-4b47-8a1a-795e4113ce2a,13,G,9059.76,18.16,,82
40db9b03-8166-4d7e-9d43-701250992771,10,Vantage,4287.25,79.96,,55
1c3f2e2b-e66d-4bf3-b0b8-435a9a143a36,14,Defender Ice Edition,2650.74,97.77,,72
4f951268-2685-4424-b90d-50ff95414b6a,8,Elise,5865.61,36.07,,70
fdca7294-cfb1-4b3f-9469-7961e26601bd,13,Rondo,7521.01,19.78,,54
e08376ee-944e-4762-b321-d9f3cc1e3630,10,Galant,5890.78,13.62,,42
